left,right,spearman,abs_spearman,left_domain,right_domain,same_domain,domain_pair
gaia2,spider2,0.9816043864235214,0.9816043864235214,"Agents, Tools & Systems",Data & Analytics,False,"Agents, Tools & Systems × Data & Analytics"
aider-polyglot,swe-lancer,0.9705882352941176,0.9705882352941176,Software Engineering,Software Engineering,True,Software Engineering
gaia2,spreadsheetbench,0.9705449189985272,0.9705449189985272,"Agents, Tools & Systems",Professional Domains,False,"Agents, Tools & Systems × Professional Domains"
spider2,spreadsheetbench,0.9610009960038374,0.9610009960038374,Data & Analytics,Professional Domains,False,Data & Analytics × Professional Domains
deepsynth,terminal-bench,0.9588235294117647,0.9588235294117647,"Agents, Tools & Systems","Agents, Tools & Systems",True,"Agents, Tools & Systems"
arc-agi-2,kumo,0.9577051191270676,0.9577051191270676,Mathematics & Reasoning,Mathematics & Reasoning,True,Mathematics & Reasoning
aider-polyglot,pixiu,0.9529411764705882,0.9529411764705882,Software Engineering,Professional Domains,False,Professional Domains × Software Engineering
gpqa-diamond,hle,0.95,0.95,Knowledge & Long Context,Knowledge & Long Context,True,Knowledge & Long Context
dacode,swebench-verified,0.9498566400340511,0.9498566400340511,Data & Analytics,Software Engineering,False,Data & Analytics × Software Engineering
humanevalfix,terminal-bench,0.9495026561930446,0.9495026561930446,Software Engineering,"Agents, Tools & Systems",False,"Agents, Tools & Systems × Software Engineering"
dacode,spreadsheetbench,0.9492276300497322,0.9492276300497322,Data & Analytics,Professional Domains,False,Data & Analytics × Professional Domains
aider-polyglot,arc-agi-2,0.9455091255546018,0.9455091255546018,Software Engineering,Mathematics & Reasoning,False,Mathematics & Reasoning × Software Engineering
aider-polyglot,terminal-bench,0.9441176470588235,0.9441176470588235,Software Engineering,"Agents, Tools & Systems",False,"Agents, Tools & Systems × Software Engineering"
pixiu,swe-lancer,0.9411764705882353,0.9411764705882353,Professional Domains,Software Engineering,False,Professional Domains × Software Engineering
arc-agi-2,pixiu,0.9396181029654764,0.9396181029654764,Mathematics & Reasoning,Professional Domains,False,Mathematics & Reasoning × Professional Domains
arc-agi-2,swe-lancer,0.9396181029654764,0.9396181029654764,Mathematics & Reasoning,Software Engineering,False,Mathematics & Reasoning × Software Engineering
deepsynth,hle,0.9382352941176471,0.9382352941176471,"Agents, Tools & Systems",Knowledge & Long Context,False,"Agents, Tools & Systems × Knowledge & Long Context"
deepsynth,swe-lancer,0.9352941176470588,0.9352941176470588,"Agents, Tools & Systems",Software Engineering,False,"Agents, Tools & Systems × Software Engineering"
bixbench,hle,0.9332714015665732,0.9332714015665732,Scientific Research,Knowledge & Long Context,False,Knowledge & Long Context × Scientific Research
arc-agi-2,terminal-bench,0.927836057787226,0.927836057787226,Mathematics & Reasoning,"Agents, Tools & Systems",False,"Agents, Tools & Systems × Mathematics & Reasoning"
swe-lancer,terminal-bench,0.9264705882352942,0.9264705882352942,Software Engineering,"Agents, Tools & Systems",False,"Agents, Tools & Systems × Software Engineering"
gpqa-diamond,omnimath,0.9235294117647059,0.9235294117647059,Knowledge & Long Context,Mathematics & Reasoning,False,Knowledge & Long Context × Mathematics & Reasoning
aider-polyglot,deepsynth,0.9235294117647059,0.9235294117647059,Software Engineering,"Agents, Tools & Systems",False,"Agents, Tools & Systems × Software Engineering"
deepsynth,humanevalfix,0.9203579866168445,0.9203579866168445,"Agents, Tools & Systems",Software Engineering,False,"Agents, Tools & Systems × Software Engineering"
featurebench-modal,terminal-bench,0.9189995239035381,0.9189995239035381,Software Engineering,"Agents, Tools & Systems",False,"Agents, Tools & Systems × Software Engineering"
dacode,spider2,0.9176470588235294,0.9176470588235294,Data & Analytics,Data & Analytics,True,Data & Analytics
aider-polyglot,swebench-verified,0.9174081212751239,0.9174081212751239,Software Engineering,Software Engineering,True,Software Engineering
aime,omnimath,0.9164941580955479,0.9164941580955479,Mathematics & Reasoning,Mathematics & Reasoning,True,Mathematics & Reasoning
bixbench,replicationbench,0.9153298679952886,0.9153298679952886,Scientific Research,Scientific Research,True,Scientific Research
featurebench-modal,spreadsheetbench,0.9130437261753787,0.9130437261753787,Software Engineering,Professional Domains,False,Professional Domains × Software Engineering
swebench-verified,terminal-bench,0.9115083905916826,0.9115083905916826,Software Engineering,"Agents, Tools & Systems",False,"Agents, Tools & Systems × Software Engineering"
dacode,featurebench-modal,0.9101629900198502,0.9101629900198502,Data & Analytics,Software Engineering,False,Data & Analytics × Software Engineering
deepsynth,gpqa-diamond,0.9088235294117647,0.9088235294117647,"Agents, Tools & Systems",Knowledge & Long Context,False,"Agents, Tools & Systems × Knowledge & Long Context"
hle,swe-lancer,0.9088235294117647,0.9088235294117647,Knowledge & Long Context,Software Engineering,False,Knowledge & Long Context × Software Engineering
aider-polyglot,hle,0.9088235294117647,0.9088235294117647,Software Engineering,Knowledge & Long Context,False,Knowledge & Long Context × Software Engineering
dacode,terminal-bench,0.9088235294117647,0.9088235294117647,Data & Analytics,"Agents, Tools & Systems",False,"Agents, Tools & Systems × Data & Analytics"
aider-polyglot,replicationbench,0.9086902343725689,0.9086902343725689,Software Engineering,Scientific Research,False,Scientific Research × Software Engineering
replicationbench,skillsbench,0.9086902343725689,0.9086902343725689,Scientific Research,"Agents, Tools & Systems",False,"Agents, Tools & Systems × Scientific Research"
arc-agi-2,deepsynth,0.9086902343725689,0.9086902343725689,Mathematics & Reasoning,"Agents, Tools & Systems",False,"Agents, Tools & Systems × Mathematics & Reasoning"
compilebench,pixiu,0.908047850172882,0.908047850172882,Software Engineering,Professional Domains,False,Professional Domains × Software Engineering
deepsynth,featurebench-modal,0.9072174787252877,0.9072174787252877,"Agents, Tools & Systems",Software Engineering,False,"Agents, Tools & Systems × Software Engineering"
arc-agi-2,swebench-verified,0.9069433823125713,0.9069433823125713,Mathematics & Reasoning,Software Engineering,False,Mathematics & Reasoning × Software Engineering
featurebench-modal,spider2,0.9057447230780064,0.9057447230780064,Software Engineering,Data & Analytics,False,Data & Analytics × Software Engineering
swe-lancer,swebench-verified,0.9056086599082414,0.9056086599082414,Software Engineering,Software Engineering,True,Software Engineering
crustbench,replicationbench,0.9034637677893578,0.9034637677893578,Software Engineering,Scientific Research,False,Scientific Research × Software Engineering
dacode,gaia2,0.9021341662333113,0.9021341662333113,Data & Analytics,"Agents, Tools & Systems",False,"Agents, Tools & Systems × Data & Analytics"
arc-agi-2,bixbench,0.898984691781087,0.898984691781087,Mathematics & Reasoning,Scientific Research,False,Mathematics & Reasoning × Scientific Research
gaia2,gso,0.8975684087825757,0.8975684087825757,"Agents, Tools & Systems",Software Engineering,False,"Agents, Tools & Systems × Software Engineering"
dacode,swe-lancer,0.8970588235294118,0.8970588235294118,Data & Analytics,Software Engineering,False,Data & Analytics × Software Engineering
kumo,swe-lancer,0.8969905329370366,0.8969905329370366,Mathematics & Reasoning,Software Engineering,False,Mathematics & Reasoning × Software Engineering
aider-polyglot,kumo,0.8969905329370366,0.8969905329370366,Software Engineering,Mathematics & Reasoning,False,Mathematics & Reasoning × Software Engineering
featurebench-modal,swebenchpro,0.8969081891943185,0.8969081891943185,Software Engineering,Software Engineering,True,Software Engineering
livecodebench,replicationbench,0.8969081891943185,0.8969081891943185,Software Engineering,Scientific Research,False,Scientific Research × Software Engineering
aider-polyglot,bixbench,0.8961779436346744,0.8961779436346744,Software Engineering,Scientific Research,False,Scientific Research × Software Engineering
gso,spreadsheetbench,0.8960945690308801,0.8960945690308801,Software Engineering,Professional Domains,False,Professional Domains × Software Engineering
replicationbench,swe-lancer,0.8954354335470371,0.8954354335470371,Scientific Research,Software Engineering,False,Scientific Research × Software Engineering
livecodebench,seal0,0.8947758125119956,0.8947758125119956,Software Engineering,"Agents, Tools & Systems",False,"Agents, Tools & Systems × Software Engineering"
dacode,deepsynth,0.8941176470588236,0.8941176470588236,Data & Analytics,"Agents, Tools & Systems",False,"Agents, Tools & Systems × Data & Analytics"
gpqa-diamond,scicode,0.8941176470588236,0.8941176470588236,Knowledge & Long Context,Scientific Research,False,Knowledge & Long Context × Scientific Research
bixbench,skillsbench,0.8932104670001225,0.8932104670001225,Scientific Research,"Agents, Tools & Systems",False,"Agents, Tools & Systems × Scientific Research"
aider-polyglot,humanevalfix,0.8927472470183392,0.8927472470183392,Software Engineering,Software Engineering,True,Software Engineering
featurebench-modal,humanevalfix,0.8925268230106647,0.8925268230106647,Software Engineering,Software Engineering,True,Software Engineering
skillsbench,swe-lancer,0.8911764705882353,0.8911764705882353,"Agents, Tools & Systems",Software Engineering,False,"Agents, Tools & Systems × Software Engineering"
bixbench,swe-lancer,0.8887592520482946,0.8887592520482946,Scientific Research,Software Engineering,False,Scientific Research × Software Engineering
skillsbench,terminal-bench,0.888235294117647,0.888235294117647,"Agents, Tools & Systems","Agents, Tools & Systems",True,"Agents, Tools & Systems"
arc-agi-2,skillsbench,0.8880716553106306,0.8880716553106306,Mathematics & Reasoning,"Agents, Tools & Systems",False,"Agents, Tools & Systems × Mathematics & Reasoning"
aider-polyglot,livecodebench,0.8852941176470588,0.8852941176470588,Software Engineering,Software Engineering,True,Software Engineering
kumo,terminal-bench,0.8851295010965468,0.8851295010965468,Mathematics & Reasoning,"Agents, Tools & Systems",False,"Agents, Tools & Systems × Mathematics & Reasoning"
arc-agi-2,replicationbench,0.8849557522123894,0.8849557522123894,Mathematics & Reasoning,Scientific Research,False,Mathematics & Reasoning × Scientific Research
bigcodebench,spreadsheetbench,0.8844741173021535,0.8844741173021535,Software Engineering,Professional Domains,False,Professional Domains × Software Engineering
bixbench,pixiu,0.8843080370964668,0.8843080370964668,Scientific Research,Professional Domains,False,Professional Domains × Scientific Research
deepsynth,kumo,0.8836468721164856,0.8836468721164856,"Agents, Tools & Systems",Mathematics & Reasoning,False,"Agents, Tools & Systems × Mathematics & Reasoning"
bigcodebench,dacode,0.8823529411764706,0.8823529411764706,Software Engineering,Data & Analytics,False,Data & Analytics × Software Engineering
dacode,lawbench,0.8823529411764706,0.8823529411764706,Data & Analytics,Professional Domains,False,Data & Analytics × Professional Domains
hle,omnimath,0.8823529411764706,0.8823529411764706,Knowledge & Long Context,Mathematics & Reasoning,False,Knowledge & Long Context × Mathematics & Reasoning
aider-polyglot,skillsbench,0.8823529411764706,0.8823529411764706,Software Engineering,"Agents, Tools & Systems",False,"Agents, Tools & Systems × Software Engineering"
pixiu,replicationbench,0.8821806327215054,0.8821806327215054,Professional Domains,Scientific Research,False,Professional Domains × Scientific Research
kumo,swebench-verified,0.8817963290481654,0.8817963290481654,Mathematics & Reasoning,Software Engineering,False,Mathematics & Reasoning × Software Engineering
humanevalfix,swebench-verified,0.8815384615384615,0.8815384615384615,Software Engineering,Software Engineering,True,Software Engineering
bixbench,deepsynth,0.8813405604619149,0.8813405604619149,Scientific Research,"Agents, Tools & Systems",False,"Agents, Tools & Systems × Scientific Research"
lawbench,scicode,0.8794117647058823,0.8794117647058823,Professional Domains,Scientific Research,False,Professional Domains × Scientific Research
hle,seal0,0.8785874343251009,0.8785874343251009,Knowledge & Long Context,"Agents, Tools & Systems",False,"Agents, Tools & Systems × Knowledge & Long Context"
swebench-multilingual,swebench-verified,0.8774012525955495,0.8774012525955495,Software Engineering,Software Engineering,True,Software Engineering
crustbench,terminal-bench,0.8771157635808378,0.8771157635808378,Software Engineering,"Agents, Tools & Systems",False,"Agents, Tools & Systems × Software Engineering"
hle,terminal-bench,0.8735294117647059,0.8735294117647059,Knowledge & Long Context,"Agents, Tools & Systems",False,"Agents, Tools & Systems × Knowledge & Long Context"
spider2,swebenchpro,0.8735294117647059,0.8735294117647059,Data & Analytics,Software Engineering,False,Data & Analytics × Software Engineering
featurebench-modal,swe-lancer,0.8733440988378175,0.8733440988378175,Software Engineering,Software Engineering,True,Software Engineering
deepsynth,swebench-verified,0.8731601411493141,0.8731601411493141,"Agents, Tools & Systems",Software Engineering,False,"Agents, Tools & Systems × Software Engineering"
seal0,simpleqa,0.8727007513480484,0.8727007513480484,"Agents, Tools & Systems",Knowledge & Long Context,False,"Agents, Tools & Systems × Knowledge & Long Context"
arc-agi-2,compilebench,0.8722380397942117,0.8722380397942117,Mathematics & Reasoning,Software Engineering,False,Mathematics & Reasoning × Software Engineering
aime,deepsynth,0.8721476665747956,0.8721476665747956,Mathematics & Reasoning,"Agents, Tools & Systems",False,"Agents, Tools & Systems × Mathematics & Reasoning"
featurebench-modal,gaia2,0.871776213127904,0.871776213127904,Software Engineering,"Agents, Tools & Systems",False,"Agents, Tools & Systems × Software Engineering"
dacode,humanevalfix,0.8712722273306128,0.8712722273306128,Data & Analytics,Software Engineering,False,Data & Analytics × Software Engineering
aime,humanevalfix,0.8711659792756207,0.8711659792756207,Mathematics & Reasoning,Software Engineering,False,Mathematics & Reasoning × Software Engineering
aime,gpqa-diamond,0.8706694501907705,0.8706694501907705,Mathematics & Reasoning,Knowledge & Long Context,False,Knowledge & Long Context × Mathematics & Reasoning
replicationbench,terminal-bench,0.8703985875432548,0.8703985875432548,Scientific Research,"Agents, Tools & Systems",False,"Agents, Tools & Systems × Scientific Research"
bixbench,seal0,0.8693682613218617,0.8693682613218617,Scientific Research,"Agents, Tools & Systems",False,"Agents, Tools & Systems × Scientific Research"
featurebench-modal,skillsbench,0.8689258318959735,0.8689258318959735,Software Engineering,"Agents, Tools & Systems",False,"Agents, Tools & Systems × Software Engineering"
pixiu,qcircuitbench,0.8676470588235294,0.8676470588235294,Professional Domains,Scientific Research,False,Professional Domains × Scientific Research
swebenchpro,terminal-bench,0.8676470588235294,0.8676470588235294,Software Engineering,"Agents, Tools & Systems",False,"Agents, Tools & Systems × Software Engineering"
humanevalfix,swe-lancer,0.8666704373975286,0.8666704373975286,Software Engineering,Software Engineering,True,Software Engineering
spreadsheetbench,swebench-verified,0.866422787765593,0.866422787765593,Professional Domains,Software Engineering,False,Professional Domains × Software Engineering
arc-agi-2,lawbench,0.865980320601411,0.865980320601411,Mathematics & Reasoning,Professional Domains,False,Mathematics & Reasoning × Professional Domains
financeagent_terminal,swebenchpro,0.8653423976267326,0.8653423976267326,Professional Domains,Software Engineering,False,Professional Domains × Software Engineering
arc-agi-2,hle,0.8645075649541296,0.8645075649541296,Mathematics & Reasoning,Knowledge & Long Context,False,Knowledge & Long Context × Mathematics & Reasoning
mmau,reasoning-gym,0.8623990561382063,0.8623990561382063,Multimodal,Mathematics & Reasoning,False,Mathematics & Reasoning × Multimodal
bixbench,gpqa-diamond,0.8620519623373275,0.8620519623373275,Scientific Research,Knowledge & Long Context,False,Knowledge & Long Context × Scientific Research
crustbench,humanevalfix,0.8619356918970966,0.8619356918970966,Software Engineering,Software Engineering,True,Software Engineering
kumo,replicationbench,0.8619346072143608,0.8619346072143608,Mathematics & Reasoning,Scientific Research,False,Mathematics & Reasoning × Scientific Research
hle,pixiu,0.861764705882353,0.861764705882353,Knowledge & Long Context,Professional Domains,False,Knowledge & Long Context × Professional Domains
lawbench,qcircuitbench,0.861764705882353,0.861764705882353,Professional Domains,Scientific Research,False,Professional Domains × Scientific Research
qcircuitbench,scicode,0.861764705882353,0.861764705882353,Scientific Research,Scientific Research,True,Scientific Research
lawbench,terminal-bench,0.861764705882353,0.861764705882353,Professional Domains,"Agents, Tools & Systems",False,"Agents, Tools & Systems × Professional Domains"
pixiu,terminal-bench,0.861764705882353,0.861764705882353,Professional Domains,"Agents, Tools & Systems",False,"Agents, Tools & Systems × Professional Domains"
kumo,pixiu,0.8614074374155674,0.8614074374155674,Mathematics & Reasoning,Professional Domains,False,Mathematics & Reasoning × Professional Domains
compilebench,skillsbench,0.8605682240200516,0.8605682240200516,Software Engineering,"Agents, Tools & Systems",False,"Agents, Tools & Systems × Software Engineering"
gso,spider2,0.8600892980122857,0.8600892980122857,Software Engineering,Data & Analytics,False,Data & Analytics × Software Engineering
arc-agi-2,dacode,0.8600892980122857,0.8600892980122857,Mathematics & Reasoning,Data & Analytics,False,Data & Analytics × Mathematics & Reasoning
compilebench,replicationbench,0.859607676355965,0.859607676355965,Software Engineering,Scientific Research,False,Scientific Research × Software Engineering
aider-polyglot,dacode,0.8588235294117647,0.8588235294117647,Software Engineering,Data & Analytics,False,Data & Analytics × Software Engineering
gso,skillsbench,0.8586165423650044,0.8586165423650044,Software Engineering,"Agents, Tools & Systems",False,"Agents, Tools & Systems × Software Engineering"
bixbench,terminal-bench,0.8576007473854996,0.8576007473854996,Scientific Research,"Agents, Tools & Systems",False,"Agents, Tools & Systems × Scientific Research"
lawbench,medagentbench,0.8558823529411764,0.8558823529411764,Professional Domains,Professional Domains,True,Professional Domains
lawbench,swe-lancer,0.8558823529411764,0.8558823529411764,Professional Domains,Software Engineering,False,Professional Domains × Software Engineering
pixiu,skillsbench,0.8558823529411764,0.8558823529411764,Professional Domains,"Agents, Tools & Systems",False,"Agents, Tools & Systems × Professional Domains"
replicationbench,seal0,0.8555639758592531,0.8555639758592531,Scientific Research,"Agents, Tools & Systems",False,"Agents, Tools & Systems × Scientific Research"
pixiu,swebench-verified,0.8554609490989902,0.8554609490989902,Professional Domains,Software Engineering,False,Professional Domains × Software Engineering
deepsynth,financeagent_terminal,0.8550407024168906,0.8550407024168906,"Agents, Tools & Systems",Professional Domains,False,"Agents, Tools & Systems × Professional Domains"
featurebench-modal,swebench-verified,0.853767548821932,0.853767548821932,Software Engineering,Software Engineering,True,Software Engineering
arc-agi-2,featurebench-modal,0.8532448377581121,0.8532448377581121,Mathematics & Reasoning,Software Engineering,False,Mathematics & Reasoning × Software Engineering
deepsynth,skillsbench,0.8529411764705882,0.8529411764705882,"Agents, Tools & Systems","Agents, Tools & Systems",True,"Agents, Tools & Systems"
aider-polyglot,swebench-multilingual,0.8527255197758791,0.8527255197758791,Software Engineering,Software Engineering,True,Software Engineering
lawbench,swtbench,0.8527255197758791,0.8527255197758791,Professional Domains,Software Engineering,False,Professional Domains × Software Engineering
bixbench,kumo,0.8526554367007808,0.8526554367007808,Scientific Research,Mathematics & Reasoning,False,Mathematics & Reasoning × Scientific Research
spreadsheetbench,swebenchpro,0.8520973609283642,0.8520973609283642,Professional Domains,Software Engineering,False,Professional Domains × Software Engineering
gaia2,swebenchpro,0.8520973609283642,0.8520973609283642,"Agents, Tools & Systems",Software Engineering,False,"Agents, Tools & Systems × Software Engineering"
featurebench-modal,kumo,0.8515409082470903,0.8515409082470903,Software Engineering,Mathematics & Reasoning,False,Mathematics & Reasoning × Software Engineering
bixbench,livecodebench,0.8501820557991199,0.8501820557991199,Scientific Research,Software Engineering,False,Scientific Research × Software Engineering
medagentbench,scicode,0.85,0.85,Professional Domains,Scientific Research,False,Professional Domains × Scientific Research
deepsynth,spider2,0.85,0.85,"Agents, Tools & Systems",Data & Analytics,False,"Agents, Tools & Systems × Data & Analytics"
deepsynth,lawbench,0.85,0.85,"Agents, Tools & Systems",Professional Domains,False,"Agents, Tools & Systems × Professional Domains"
financeagent_terminal,humanevalfix,0.8496552189938433,0.8496552189938433,Professional Domains,Software Engineering,False,Professional Domains × Software Engineering
spider2,swebench-verified,0.8495612184155489,0.8495612184155489,Data & Analytics,Software Engineering,False,Data & Analytics × Software Engineering
deepsynth,spreadsheetbench,0.8476823486955748,0.8476823486955748,"Agents, Tools & Systems",Professional Domains,False,"Agents, Tools & Systems × Professional Domains"
financeagent_terminal,gso,0.8474578572249277,0.8474578572249277,Professional Domains,Software Engineering,False,Professional Domains × Software Engineering
bixbench,widesearch,0.847214579164568,0.847214579164568,Scientific Research,"Agents, Tools & Systems",False,"Agents, Tools & Systems × Scientific Research"
swtbench,widesearch,0.8468344971867539,0.8468344971867539,Software Engineering,"Agents, Tools & Systems",False,"Agents, Tools & Systems × Software Engineering"
aime,featurebench-modal,0.846785962127334,0.846785962127334,Mathematics & Reasoning,Software Engineering,False,Mathematics & Reasoning × Software Engineering
aider-polyglot,crustbench,0.8462106779513117,0.8462106779513117,Software Engineering,Software Engineering,True,Software Engineering
aider-polyglot,qcircuitbench,0.8441176470588235,0.8441176470588235,Software Engineering,Scientific Research,False,Scientific Research × Software Engineering
livecodebench,swe-lancer,0.8441176470588235,0.8441176470588235,Software Engineering,Software Engineering,True,Software Engineering
gpqa-diamond,terminal-bench,0.8441176470588235,0.8441176470588235,Knowledge & Long Context,"Agents, Tools & Systems",False,"Agents, Tools & Systems × Knowledge & Long Context"
deepsynth,replicationbench,0.8438889858921913,0.8438889858921913,"Agents, Tools & Systems",Scientific Research,False,"Agents, Tools & Systems × Scientific Research"
aa-lcr,gaia,0.8438880706921944,0.8438880706921944,Software Engineering,"Agents, Tools & Systems",False,"Agents, Tools & Systems × Software Engineering"
aider-polyglot,compilebench,0.8427633642127401,0.8427633642127401,Software Engineering,Software Engineering,True,Software Engineering
aider-polyglot,featurebench-modal,0.84241623024491,0.84241623024491,Software Engineering,Software Engineering,True,Software Engineering
gpqa-diamond,swe-lancer,0.8411764705882353,0.8411764705882353,Knowledge & Long Context,Software Engineering,False,Knowledge & Long Context × Software Engineering
livecodebench,pixiu,0.8411764705882353,0.8411764705882353,Software Engineering,Professional Domains,False,Professional Domains × Software Engineering
deepsynth,pixiu,0.8411764705882353,0.8411764705882353,"Agents, Tools & Systems",Professional Domains,False,"Agents, Tools & Systems × Professional Domains"
qcircuitbench,terminal-bench,0.8411764705882353,0.8411764705882353,Scientific Research,"Agents, Tools & Systems",False,"Agents, Tools & Systems × Scientific Research"
lawbench,swebench-verified,0.8407116223903869,0.8407116223903869,Professional Domains,Software Engineering,False,Professional Domains × Software Engineering
hle,replicationbench,0.8394707189503473,0.8394707189503473,Knowledge & Long Context,Scientific Research,False,Knowledge & Long Context × Scientific Research
bigcodebench,featurebench-modal,0.837997963303066,0.837997963303066,Software Engineering,Software Engineering,True,Software Engineering
quixbugs,skillsbench,0.8377617570486662,0.8377617570486662,Software Engineering,"Agents, Tools & Systems",False,"Agents, Tools & Systems × Software Engineering"
humanevalfix,swebenchpro,0.8375257678213285,0.8375257678213285,Software Engineering,Software Engineering,True,Software Engineering
spreadsheetbench,terminal-bench,0.8373806534857328,0.8373806534857328,Professional Domains,"Agents, Tools & Systems",False,"Agents, Tools & Systems × Professional Domains"
arc-agi-2,humanevalfix,0.8372239561803998,0.8372239561803998,Mathematics & Reasoning,Software Engineering,False,Mathematics & Reasoning × Software Engineering
hle,livecodebench,0.8352941176470589,0.8352941176470589,Knowledge & Long Context,Software Engineering,False,Knowledge & Long Context × Software Engineering
bigcodebench,terminal-bench,0.8352941176470589,0.8352941176470589,Software Engineering,"Agents, Tools & Systems",False,"Agents, Tools & Systems × Software Engineering"
dacode,kumo,0.8347201157744654,0.8347201157744654,Data & Analytics,Mathematics & Reasoning,False,Data & Analytics × Mathematics & Reasoning
financeagent_terminal,spider2,0.8344373119972064,0.8344373119972064,Professional Domains,Data & Analytics,False,Data & Analytics × Professional Domains
arc-agi-2,widesearch,0.8335796963612221,0.8335796963612221,Mathematics & Reasoning,"Agents, Tools & Systems",False,"Agents, Tools & Systems × Mathematics & Reasoning"
pixiu,swebench-multilingual,0.8335796963612221,0.8335796963612221,Professional Domains,Software Engineering,False,Professional Domains × Software Engineering
humanevalfix,lawbench,0.8329239778882442,0.8329239778882442,Software Engineering,Professional Domains,False,Professional Domains × Software Engineering
qcircuitbench,swebench-multilingual,0.8321069407139408,0.8321069407139408,Scientific Research,Software Engineering,False,Scientific Research × Software Engineering
swtbench,terminal-bench,0.8321069407139408,0.8321069407139408,Software Engineering,"Agents, Tools & Systems",False,"Agents, Tools & Systems × Software Engineering"
bigcodebench,swebench-verified,0.8318620263652249,0.8318620263652249,Software Engineering,Software Engineering,True,Software Engineering
spider2,swesmith,0.8314939705086801,0.8314939705086801,Data & Analytics,Software Engineering,False,Data & Analytics × Software Engineering
hle,humanevalfix,0.8298561179328549,0.8298561179328549,Knowledge & Long Context,Software Engineering,False,Knowledge & Long Context × Software Engineering
skillsbench,widesearch,0.8294117647058824,0.8294117647058824,"Agents, Tools & Systems","Agents, Tools & Systems",True,"Agents, Tools & Systems"
skillsbench,swebenchpro,0.8294117647058824,0.8294117647058824,"Agents, Tools & Systems",Software Engineering,False,"Agents, Tools & Systems × Software Engineering"
bigcodebench,swebenchpro,0.8294117647058824,0.8294117647058824,Software Engineering,Software Engineering,True,Software Engineering
lawbench,widesearch,0.8294117647058824,0.8294117647058824,Professional Domains,"Agents, Tools & Systems",False,"Agents, Tools & Systems × Professional Domains"
medagentbench,terminal-bench,0.8294117647058824,0.8294117647058824,Professional Domains,"Agents, Tools & Systems",False,"Agents, Tools & Systems × Professional Domains"
bixbench,compilebench,0.8285928143712575,0.8285928143712575,Scientific Research,Software Engineering,False,Scientific Research × Software Engineering
gpqa-diamond,humanevalfix,0.8283221879551601,0.8283221879551601,Knowledge & Long Context,Software Engineering,False,Knowledge & Long Context × Software Engineering
financeagent_terminal,gaia2,0.8276877761413843,0.8276877761413843,Professional Domains,"Agents, Tools & Systems",False,"Agents, Tools & Systems × Professional Domains"
aider-polyglot,seal0,0.8270789582758906,0.8270789582758906,Software Engineering,"Agents, Tools & Systems",False,"Agents, Tools & Systems × Software Engineering"
deepsynth,omnimath,0.8264705882352941,0.8264705882352941,"Agents, Tools & Systems",Mathematics & Reasoning,False,"Agents, Tools & Systems × Mathematics & Reasoning"
aider-polyglot,gpqa-diamond,0.8264705882352941,0.8264705882352941,Software Engineering,Knowledge & Long Context,False,Knowledge & Long Context × Software Engineering
gpqa-diamond,lawbench,0.8264705882352941,0.8264705882352941,Knowledge & Long Context,Professional Domains,False,Knowledge & Long Context × Professional Domains
spider2,terminal-bench,0.8264705882352941,0.8264705882352941,Data & Analytics,"Agents, Tools & Systems",False,"Agents, Tools & Systems × Data & Analytics"
bigcodebench,gso,0.8262159181248155,0.8262159181248155,Software Engineering,Software Engineering,True,Software Engineering
dacode,gso,0.8262159181248155,0.8262159181248155,Data & Analytics,Software Engineering,False,Data & Analytics × Software Engineering
dacode,swebench-multilingual,0.8262159181248155,0.8262159181248155,Data & Analytics,Software Engineering,False,Data & Analytics × Software Engineering
kumo,lawbench,0.8258243418940981,0.8258243418940981,Mathematics & Reasoning,Professional Domains,False,Mathematics & Reasoning × Professional Domains
deepsynth,seal0,0.8256072875316275,0.8256072875316275,"Agents, Tools & Systems","Agents, Tools & Systems",True,"Agents, Tools & Systems"
aa-lcr,financeagent_terminal,0.8247422680412371,0.8247422680412371,Software Engineering,Professional Domains,False,Professional Domains × Software Engineering
crustbench,swe-lancer,0.8241356167873644,0.8241356167873644,Software Engineering,Software Engineering,True,Software Engineering
aa-lcr,swebenchpro,0.8241356167873644,0.8241356167873644,Software Engineering,Software Engineering,True,Software Engineering
crustbench,livecodebench,0.8241356167873644,0.8241356167873644,Software Engineering,Software Engineering,True,Software Engineering
aider-polyglot,lawbench,0.8235294117647058,0.8235294117647058,Software Engineering,Professional Domains,False,Professional Domains × Software Engineering
deepsynth,swebenchpro,0.8235294117647058,0.8235294117647058,"Agents, Tools & Systems",Software Engineering,False,"Agents, Tools & Systems × Software Engineering"
scicode,terminal-bench,0.8235294117647058,0.8235294117647058,Scientific Research,"Agents, Tools & Systems",False,"Agents, Tools & Systems × Scientific Research"
aime,hle,0.823366525901968,0.823366525901968,Mathematics & Reasoning,Knowledge & Long Context,False,Knowledge & Long Context × Mathematics & Reasoning
aime,terminal-bench,0.823366525901968,0.823366525901968,Mathematics & Reasoning,"Agents, Tools & Systems",False,"Agents, Tools & Systems × Mathematics & Reasoning"
humanevalfix,spreadsheetbench,0.8220241549615231,0.8220241549615231,Software Engineering,Professional Domains,False,Professional Domains × Software Engineering
hle,kumo,0.8213764549539144,0.8213764549539144,Knowledge & Long Context,Mathematics & Reasoning,False,Knowledge & Long Context × Mathematics & Reasoning
spreadsheetbench,swe-lancer,0.8211922752988381,0.8211922752988381,Professional Domains,Software Engineering,False,Professional Domains × Software Engineering
scicode,widesearch,0.8205882352941176,0.8205882352941176,Scientific Research,"Agents, Tools & Systems",False,"Agents, Tools & Systems × Scientific Research"
hle,scicode,0.8205882352941176,0.8205882352941176,Knowledge & Long Context,Scientific Research,False,Knowledge & Long Context × Scientific Research
qcircuitbench,swe-lancer,0.8205882352941176,0.8205882352941176,Scientific Research,Software Engineering,False,Scientific Research × Software Engineering
swebenchpro,swtbench,0.8203248955356903,0.8203248955356903,Software Engineering,Software Engineering,True,Software Engineering
financeagent_terminal,terminal-bench,0.819720604554575,0.819720604554575,Professional Domains,"Agents, Tools & Systems",False,"Agents, Tools & Systems × Professional Domains"
humanevalfix,kumo,0.8196393534086827,0.8196393534086827,Software Engineering,Mathematics & Reasoning,False,Mathematics & Reasoning × Software Engineering
mmmlu,research-code-bench,0.8195266272189349,0.8195266272189349,Knowledge & Long Context,Scientific Research,False,Knowledge & Long Context × Scientific Research
humanevalfix,spider2,0.8191186080889916,0.8191186080889916,Software Engineering,Data & Analytics,False,Data & Analytics × Software Engineering
financeagent_terminal,spreadsheetbench,0.8181148748159057,0.8181148748159057,Professional Domains,Professional Domains,True,Professional Domains
crustbench,swebench-verified,0.817714181298362,0.817714181298362,Software Engineering,Software Engineering,True,Software Engineering
terminal-bench,widesearch,0.8176470588235294,0.8176470588235294,"Agents, Tools & Systems","Agents, Tools & Systems",True,"Agents, Tools & Systems"
swe-lancer,swtbench,0.8173793842411277,0.8173793842411277,Software Engineering,Software Engineering,True,Software Engineering
replicationbench,swebench-verified,0.8168398866756547,0.8168398866756547,Scientific Research,Software Engineering,False,Scientific Research × Software Engineering
bigcodebench,gaia2,0.8167772630660486,0.8167772630660486,Software Engineering,"Agents, Tools & Systems",False,"Agents, Tools & Systems × Software Engineering"
compilebench,swe-lancer,0.8160560745017731,0.8160560745017731,Software Engineering,Software Engineering,True,Software Engineering
arc-agi-2,swebench-multilingual,0.8156342182890856,0.8156342182890856,Mathematics & Reasoning,Software Engineering,False,Mathematics & Reasoning × Software Engineering
crustbench,skillsbench,0.8153055923217855,0.8153055923217855,Software Engineering,"Agents, Tools & Systems",False,"Agents, Tools & Systems × Software Engineering"
deepsynth,widesearch,0.8147058823529412,0.8147058823529412,"Agents, Tools & Systems","Agents, Tools & Systems",True,"Agents, Tools & Systems"
medagentbench,widesearch,0.8147058823529412,0.8147058823529412,Professional Domains,"Agents, Tools & Systems",False,"Agents, Tools & Systems × Professional Domains"
gpqa-diamond,widesearch,0.8147058823529412,0.8147058823529412,Knowledge & Long Context,"Agents, Tools & Systems",False,"Agents, Tools & Systems × Knowledge & Long Context"
deepsynth,gso,0.814433872946565,0.814433872946565,"Agents, Tools & Systems",Software Engineering,False,"Agents, Tools & Systems × Software Engineering"
kumo,skillsbench,0.8139633100536083,0.8139633100536083,Mathematics & Reasoning,"Agents, Tools & Systems",False,"Agents, Tools & Systems × Mathematics & Reasoning"
kumo,spider2,0.8139633100536083,0.8139633100536083,Mathematics & Reasoning,Data & Analytics,False,Data & Analytics × Mathematics & Reasoning
gaia2,swebench-verified,0.8132861261649774,0.8132861261649774,"Agents, Tools & Systems",Software Engineering,False,"Agents, Tools & Systems × Software Engineering"
humanevalfix,replicationbench,0.8126449042558376,0.8126449042558376,Software Engineering,Scientific Research,False,Scientific Research × Software Engineering
hle,lawbench,0.8117647058823529,0.8117647058823529,Knowledge & Long Context,Professional Domains,False,Knowledge & Long Context × Professional Domains
dacode,swebenchpro,0.8117647058823529,0.8117647058823529,Data & Analytics,Software Engineering,False,Data & Analytics × Software Engineering
lawbench,spider2,0.8117647058823529,0.8117647058823529,Professional Domains,Data & Analytics,False,Data & Analytics × Professional Domains
hle,widesearch,0.8117647058823529,0.8117647058823529,Knowledge & Long Context,"Agents, Tools & Systems",False,"Agents, Tools & Systems × Knowledge & Long Context"
arc-agi-2,qcircuitbench,0.8114883616520024,0.8114883616520024,Mathematics & Reasoning,Scientific Research,False,Mathematics & Reasoning × Scientific Research
bigcodebench,humanevalfix,0.8114489582005179,0.8114489582005179,Software Engineering,Software Engineering,True,Software Engineering
skillsbench,swebench-verified,0.8112129689731803,0.8112129689731803,"Agents, Tools & Systems",Software Engineering,False,"Agents, Tools & Systems × Software Engineering"
quixbugs,swtbench,0.8109314607322502,0.8109314607322502,Software Engineering,Software Engineering,True,Software Engineering
gso,swebench-verified,0.8109314607322502,0.8109314607322502,Software Engineering,Software Engineering,True,Software Engineering
kumo,simpleqa,0.8095154231134247,0.8095154231134247,Mathematics & Reasoning,Knowledge & Long Context,False,Knowledge & Long Context × Mathematics & Reasoning
lawbench,spreadsheetbench,0.8094189093447328,0.8094189093447328,Professional Domains,Professional Domains,True,Professional Domains
mmau,scicode,0.8094189093447328,0.8094189093447328,Multimodal,Scientific Research,False,Multimodal × Scientific Research
compilebench,kumo,0.8092747215002147,0.8092747215002147,Software Engineering,Mathematics & Reasoning,False,Mathematics & Reasoning × Software Engineering
deepsynth,medagentbench,0.8088235294117647,0.8088235294117647,"Agents, Tools & Systems",Professional Domains,False,"Agents, Tools & Systems × Professional Domains"
quixbugs,swebenchpro,0.8082631036314597,0.8082631036314597,Software Engineering,Software Engineering,True,Software Engineering
gso,swebenchpro,0.8070700947101584,0.8070700947101584,Software Engineering,Software Engineering,True,Software Engineering
crustbench,deepsynth,0.8064755678562066,0.8064755678562066,Software Engineering,"Agents, Tools & Systems",False,"Agents, Tools & Systems × Software Engineering"
featurebench-modal,gso,0.806047197640118,0.806047197640118,Software Engineering,Software Engineering,True,Software Engineering
aime,financeagent_terminal,0.805481304671838,0.805481304671838,Mathematics & Reasoning,Professional Domains,False,Mathematics & Reasoning × Professional Domains
arc-agi-2,spider2,0.8041245834155959,0.8041245834155959,Mathematics & Reasoning,Data & Analytics,False,Data & Analytics × Mathematics & Reasoning
featurebench-modal,widesearch,0.8041245834155959,0.8041245834155959,Software Engineering,"Agents, Tools & Systems",False,"Agents, Tools & Systems × Software Engineering"
humanevalfix,skillsbench,0.8037793083120442,0.8037793083120442,Software Engineering,"Agents, Tools & Systems",False,"Agents, Tools & Systems × Software Engineering"
compilebench,swtbench,0.8031425221614504,0.8031425221614504,Software Engineering,Software Engineering,True,Software Engineering
deepsynth,qcircuitbench,0.8029411764705883,0.8029411764705883,"Agents, Tools & Systems",Scientific Research,False,"Agents, Tools & Systems × Scientific Research"
swebenchpro,widesearch,0.8029411764705883,0.8029411764705883,Software Engineering,"Agents, Tools & Systems",False,"Agents, Tools & Systems × Software Engineering"
dacode,skillsbench,0.8029411764705883,0.8029411764705883,Data & Analytics,"Agents, Tools & Systems",False,"Agents, Tools & Systems × Data & Analytics"
lawbench,pixiu,0.8029411764705883,0.8029411764705883,Professional Domains,Professional Domains,True,Professional Domains
swe-lancer,swebench-multilingual,0.8026518277683146,0.8026518277683146,Software Engineering,Software Engineering,True,Software Engineering
kumo,medagentbench,0.8021022782131186,0.8021022782131186,Mathematics & Reasoning,Professional Domains,False,Mathematics & Reasoning × Professional Domains
algotune,bigcodebench,0.8020605556234172,0.8020605556234172,Software Engineering,Software Engineering,True,Software Engineering
arc-agi-2,gpqa-diamond,0.8011790721210332,0.8011790721210332,Mathematics & Reasoning,Knowledge & Long Context,False,Knowledge & Long Context × Mathematics & Reasoning
spreadsheetbench,swesmith,0.801178203240059,0.801178203240059,Professional Domains,Software Engineering,False,Professional Domains × Software Engineering
deepsynth,gaia2,0.8005888848791539,0.8005888848791539,"Agents, Tools & Systems","Agents, Tools & Systems",True,"Agents, Tools & Systems"
financeagent_terminal,gpqa-diamond,0.8005888848791539,0.8005888848791539,Professional Domains,Knowledge & Long Context,False,Knowledge & Long Context × Professional Domains
aime,swesmith,0.8003037388934148,0.8003037388934148,Mathematics & Reasoning,Software Engineering,False,Mathematics & Reasoning × Software Engineering
arc-agi-2,spreadsheetbench,0.8002949851706709,0.8002949851706709,Mathematics & Reasoning,Professional Domains,False,Mathematics & Reasoning × Professional Domains
deepsynth,scicode,0.8,0.8,"Agents, Tools & Systems",Scientific Research,False,"Agents, Tools & Systems × Scientific Research"
bigcodebench,spider2,0.8,0.8,Software Engineering,Data & Analytics,False,Data & Analytics × Software Engineering
qcircuitbench,sldbench,0.8,0.8,Scientific Research,Scientific Research,True,Scientific Research
deepsynth,swtbench,0.7997063164737519,0.7997063164737519,"Agents, Tools & Systems",Software Engineering,False,"Agents, Tools & Systems × Software Engineering"
skillsbench,spreadsheetbench,0.7991172141348908,0.7991172141348908,"Agents, Tools & Systems",Professional Domains,False,"Agents, Tools & Systems × Professional Domains"
kumo,swebench-multilingual,0.7980875992725562,0.7980875992725562,Mathematics & Reasoning,Software Engineering,False,Mathematics & Reasoning × Software Engineering
gpqa-diamond,qcircuitbench,0.7970588235294118,0.7970588235294118,Knowledge & Long Context,Scientific Research,False,Knowledge & Long Context × Scientific Research
gpqa-diamond,medagentbench,0.7970588235294118,0.7970588235294118,Knowledge & Long Context,Professional Domains,False,Knowledge & Long Context × Professional Domains
hle,skillsbench,0.7970588235294118,0.7970588235294118,Knowledge & Long Context,"Agents, Tools & Systems",False,"Agents, Tools & Systems × Knowledge & Long Context"
algotune,financeagent_terminal,0.7967599410898379,0.7967599410898379,Software Engineering,Professional Domains,False,Professional Domains × Software Engineering
featurebench-modal,medagentbench,0.795288049531908,0.795288049531908,Software Engineering,Professional Domains,False,Professional Domains × Software Engineering
gso,terminal-bench,0.795288049531908,0.795288049531908,Software Engineering,"Agents, Tools & Systems",False,"Agents, Tools & Systems × Software Engineering"
featurebench-modal,replicationbench,0.7949852507374632,0.7949852507374632,Software Engineering,Scientific Research,False,Scientific Research × Software Engineering
livecodebench,skillsbench,0.7941176470588235,0.7941176470588235,Software Engineering,"Agents, Tools & Systems",False,"Agents, Tools & Systems × Software Engineering"
scicode,swe-lancer,0.7941176470588235,0.7941176470588235,Scientific Research,Software Engineering,False,Scientific Research × Software Engineering
crustbench,kumo,0.7937903884783114,0.7937903884783114,Software Engineering,Mathematics & Reasoning,False,Mathematics & Reasoning × Software Engineering
crustbench,featurebench-modal,0.7929257864121932,0.7929257864121932,Software Engineering,Software Engineering,True,Software Engineering
crustbench,pixiu,0.791758860413575,0.791758860413575,Software Engineering,Professional Domains,False,Professional Domains × Software Engineering
arc-agi-2,crustbench,0.7914519466604978,0.7914519466604978,Mathematics & Reasoning,Software Engineering,False,Mathematics & Reasoning × Software Engineering
featurebench-modal,financeagent_terminal,0.7914519466604978,0.7914519466604978,Software Engineering,Professional Domains,False,Professional Domains × Software Engineering
arc-agi-2,gso,0.7912979351032449,0.7912979351032449,Mathematics & Reasoning,Software Engineering,False,Mathematics & Reasoning × Software Engineering
hle,qcircuitbench,0.7911764705882353,0.7911764705882353,Knowledge & Long Context,Scientific Research,False,Knowledge & Long Context × Scientific Research
spider2,swe-lancer,0.7911764705882353,0.7911764705882353,Data & Analytics,Software Engineering,False,Data & Analytics × Software Engineering
swe-lancer,widesearch,0.7911764705882353,0.7911764705882353,Software Engineering,"Agents, Tools & Systems",False,"Agents, Tools & Systems × Software Engineering"
aider-polyglot,swtbench,0.790869782590064,0.790869782590064,Software Engineering,Software Engineering,True,Software Engineering
aa-lcr,terminal-bench,0.7902871896693119,0.7902871896693119,Software Engineering,"Agents, Tools & Systems",False,"Agents, Tools & Systems × Software Engineering"
arc-agi-2,medagentbench,0.7893970269427828,0.7893970269427828,Mathematics & Reasoning,Professional Domains,False,Mathematics & Reasoning × Professional Domains
dacode,swtbench,0.7893970269427828,0.7893970269427828,Data & Analytics,Software Engineering,False,Data & Analytics × Software Engineering
bigcodebench,financeagent_terminal,0.7888155189250488,0.7888155189250488,Software Engineering,Professional Domains,False,Professional Domains × Software Engineering
reasoning-gym,scicode,0.788235294117647,0.788235294117647,Mathematics & Reasoning,Scientific Research,False,Mathematics & Reasoning × Scientific Research
compilebench,livecodebench,0.78786504647353,0.78786504647353,Software Engineering,Software Engineering,True,Software Engineering
humanevalfix,swesmith,0.787485324921123,0.787485324921123,Software Engineering,Software Engineering,True,Software Engineering
humanevalfix,mmau,0.7867177953646697,0.7867177953646697,Software Engineering,Multimodal,False,Multimodal × Software Engineering
swebench-multilingual,terminal-bench,0.7864515156482201,0.7864515156482201,Software Engineering,"Agents, Tools & Systems",False,"Agents, Tools & Systems × Software Engineering"
seal0,terminal-bench,0.7858721774365225,0.7858721774365225,"Agents, Tools & Systems","Agents, Tools & Systems",True,"Agents, Tools & Systems"
medagentbench,omnimath,0.7852941176470588,0.7852941176470588,Professional Domains,Mathematics & Reasoning,False,Mathematics & Reasoning × Professional Domains
dacode,qcircuitbench,0.7852941176470588,0.7852941176470588,Data & Analytics,Scientific Research,False,Data & Analytics × Scientific Research
qcircuitbench,swtbench,0.7849787600009388,0.7849787600009388,Scientific Research,Software Engineering,False,Scientific Research × Software Engineering
aime,medagentbench,0.784932899917316,0.784932899917316,Mathematics & Reasoning,Professional Domains,False,Mathematics & Reasoning × Professional Domains
compilebench,qcircuitbench,0.7848975698389781,0.7848975698389781,Software Engineering,Scientific Research,False,Scientific Research × Software Engineering
qcircuitbench,swebench-verified,0.7846641808976944,0.7846641808976944,Scientific Research,Software Engineering,False,Scientific Research × Software Engineering
arc-agi-2,swtbench,0.7846607669616519,0.7846607669616519,Mathematics & Reasoning,Software Engineering,False,Mathematics & Reasoning × Software Engineering
hle,swtbench,0.7835060043536575,0.7835060043536575,Knowledge & Long Context,Software Engineering,False,Knowledge & Long Context × Software Engineering
mmau,swtbench,0.7833458280261724,0.7833458280261724,Multimodal,Software Engineering,False,Multimodal × Software Engineering
quixbugs,widesearch,0.7831892482268341,0.7831892482268341,Software Engineering,"Agents, Tools & Systems",False,"Agents, Tools & Systems × Software Engineering"
aa-lcr,bixbench,0.7825056767149805,0.7825056767149805,Software Engineering,Scientific Research,False,Scientific Research × Software Engineering
dacode,pixiu,0.7823529411764706,0.7823529411764706,Data & Analytics,Professional Domains,False,Data & Analytics × Professional Domains
livecodebench,terminal-bench,0.7823529411764706,0.7823529411764706,Software Engineering,"Agents, Tools & Systems",False,"Agents, Tools & Systems × Software Engineering"
pixiu,scicode,0.7823529411764706,0.7823529411764706,Professional Domains,Scientific Research,False,Professional Domains × Scientific Research
bixbench,omnimath,0.7819300932044262,0.7819300932044262,Scientific Research,Mathematics & Reasoning,False,Mathematics & Reasoning × Scientific Research
compilebench,quixbugs,0.7812638405392729,0.7812638405392729,Software Engineering,Software Engineering,True,Software Engineering
humanevalfix,qcircuitbench,0.7807703586466231,0.7807703586466231,Software Engineering,Scientific Research,False,Scientific Research × Software Engineering
aime,swe-lancer,0.7804982507652408,0.7804982507652408,Mathematics & Reasoning,Software Engineering,False,Mathematics & Reasoning × Software Engineering
compilebench,widesearch,0.7804463548871502,0.7804463548871502,Software Engineering,"Agents, Tools & Systems",False,"Agents, Tools & Systems × Software Engineering"
humanevalfix,swtbench,0.7796168032322072,0.7796168032322072,Software Engineering,Software Engineering,True,Software Engineering
arc-agi-2,scicode,0.7790877374118136,0.7790877374118136,Mathematics & Reasoning,Scientific Research,False,Mathematics & Reasoning × Scientific Research
gaia2,swesmith,0.7790868924889544,0.7790868924889544,"Agents, Tools & Systems",Software Engineering,False,"Agents, Tools & Systems × Software Engineering"
aime,swebenchpro,0.7790200343812157,0.7790200343812157,Mathematics & Reasoning,Software Engineering,False,Mathematics & Reasoning × Software Engineering
aider-polyglot,spreadsheetbench,0.7785138237152067,0.7785138237152067,Software Engineering,Professional Domains,False,Professional Domains × Software Engineering
aider-polyglot,scicode,0.7764705882352941,0.7764705882352941,Software Engineering,Scientific Research,False,Scientific Research × Software Engineering
skillsbench,swtbench,0.7761422261172509,0.7761422261172509,"Agents, Tools & Systems",Software Engineering,False,"Agents, Tools & Systems × Software Engineering"
compilebench,swebench-multilingual,0.7756529076193841,0.7756529076193841,Software Engineering,Software Engineering,True,Software Engineering
spider2,swtbench,0.7746694704699696,0.7746694704699696,Data & Analytics,Software Engineering,False,Data & Analytics × Software Engineering
compilebench,terminal-bench,0.7745114016180464,0.7745114016180464,Software Engineering,"Agents, Tools & Systems",False,"Agents, Tools & Systems × Software Engineering"
kumo,spreadsheetbench,0.7745020238984646,0.7745020238984646,Mathematics & Reasoning,Professional Domains,False,Mathematics & Reasoning × Professional Domains
bixbench,humanevalfix,0.7738232325341369,0.7738232325341369,Scientific Research,Software Engineering,False,Scientific Research × Software Engineering
gpqa-diamond,pixiu,0.7735294117647059,0.7735294117647059,Knowledge & Long Context,Professional Domains,False,Knowledge & Long Context × Professional Domains
featurebench-modal,lawbench,0.7731967148226884,0.7731967148226884,Software Engineering,Professional Domains,False,Professional Domains × Software Engineering
aime,spider2,0.7731071688451154,0.7731071688451154,Mathematics & Reasoning,Data & Analytics,False,Data & Analytics × Mathematics & Reasoning
humanevalfix,scicode,0.7731007087581494,0.7731007087581494,Software Engineering,Scientific Research,False,Scientific Research × Software Engineering
gaia2,terminal-bench,0.7726271407381541,0.7726271407381541,"Agents, Tools & Systems","Agents, Tools & Systems",True,"Agents, Tools & Systems"
financeagent_terminal,hle,0.7726271407381541,0.7726271407381541,Professional Domains,Knowledge & Long Context,False,Knowledge & Long Context × Professional Domains
kumo,widesearch,0.7724496986118943,0.7724496986118943,Mathematics & Reasoning,"Agents, Tools & Systems",False,"Agents, Tools & Systems × Mathematics & Reasoning"
gaia2,lawbench,0.771155469993891,0.771155469993891,"Agents, Tools & Systems",Professional Domains,False,"Agents, Tools & Systems × Professional Domains"
deepsynth,swesmith,0.771155469993891,0.771155469993891,"Agents, Tools & Systems",Software Engineering,False,"Agents, Tools & Systems × Software Engineering"
dacode,financeagent_terminal,0.771155469993891,0.771155469993891,Data & Analytics,Professional Domains,False,Data & Analytics × Professional Domains
aa-lcr,deepsynth,0.771155469993891,0.771155469993891,Software Engineering,"Agents, Tools & Systems",False,"Agents, Tools & Systems × Software Engineering"
aa-lcr,seal0,0.7702503681885126,0.7702503681885126,Software Engineering,"Agents, Tools & Systems",False,"Agents, Tools & Systems × Software Engineering"
quixbugs,spreadsheetbench,0.7697435840200285,0.7697435840200285,Software Engineering,Professional Domains,False,Professional Domains × Software Engineering
spreadsheetbench,swebench-multilingual,0.7693443503850649,0.7693443503850649,Professional Domains,Software Engineering,False,Professional Domains × Software Engineering
featurebench-modal,swtbench,0.7691740412979351,0.7691740412979351,Software Engineering,Software Engineering,True,Software Engineering
arc-agi-2,swebenchpro,0.7687784478808444,0.7687784478808444,Mathematics & Reasoning,Software Engineering,False,Mathematics & Reasoning × Software Engineering
aider-polyglot,aime,0.7686725196930402,0.7686725196930402,Software Engineering,Mathematics & Reasoning,False,Mathematics & Reasoning × Software Engineering
spreadsheetbench,swtbench,0.7686074305092171,0.7686074305092171,Professional Domains,Software Engineering,False,Professional Domains × Software Engineering
kumo,seal0,0.7685671424892809,0.7685671424892809,Mathematics & Reasoning,"Agents, Tools & Systems",False,"Agents, Tools & Systems × Mathematics & Reasoning"
gpqa-diamond,seal0,0.7682121285053647,0.7682121285053647,Knowledge & Long Context,"Agents, Tools & Systems",False,"Agents, Tools & Systems × Knowledge & Long Context"
omnimath,seal0,0.7667404577611014,0.7667404577611014,Mathematics & Reasoning,"Agents, Tools & Systems",False,"Agents, Tools & Systems × Mathematics & Reasoning"
humanevalfix,seal0,0.7659944973404297,0.7659944973404297,Software Engineering,"Agents, Tools & Systems",False,"Agents, Tools & Systems × Software Engineering"
featurebench-modal,hle,0.7658329365862818,0.7658329365862818,Software Engineering,Knowledge & Long Context,False,Knowledge & Long Context × Software Engineering
seal0,skillsbench,0.7652687870168383,0.7652687870168383,"Agents, Tools & Systems","Agents, Tools & Systems",True,"Agents, Tools & Systems"
deepsynth,gaia,0.7652687870168383,0.7652687870168383,"Agents, Tools & Systems","Agents, Tools & Systems",True,"Agents, Tools & Systems"
seal0,swe-lancer,0.7652687870168383,0.7652687870168383,"Agents, Tools & Systems",Software Engineering,False,"Agents, Tools & Systems × Software Engineering"
gso,quixbugs,0.7651411596708664,0.7651411596708664,Software Engineering,Software Engineering,True,Software Engineering
featurebench-modal,swesmith,0.7649228311299783,0.7649228311299783,Software Engineering,Software Engineering,True,Software Engineering
skillsbench,spider2,0.7647058823529411,0.7647058823529411,"Agents, Tools & Systems",Data & Analytics,False,"Agents, Tools & Systems × Data & Analytics"
arc-agi-2,livecodebench,0.7643601809390005,0.7643601809390005,Mathematics & Reasoning,Software Engineering,False,Mathematics & Reasoning × Software Engineering
dacode,swesmith,0.7637971162725752,0.7637971162725752,Data & Analytics,Software Engineering,False,Data & Analytics × Software Engineering
bixbench,swebench-verified,0.7634063813269466,0.7634063813269466,Scientific Research,Software Engineering,False,Scientific Research × Software Engineering
humanevalfix,pixiu,0.7623631989142862,0.7623631989142862,Software Engineering,Professional Domains,False,Professional Domains × Software Engineering
cybergym,kumo,0.761799676305108,0.761799676305108,"Agents, Tools & Systems",Mathematics & Reasoning,False,"Agents, Tools & Systems × Mathematics & Reasoning"
bigcodebench,deepsynth,0.7617647058823529,0.7617647058823529,Software Engineering,"Agents, Tools & Systems",False,"Agents, Tools & Systems × Software Engineering"
deepsynth,livecodebench,0.7617647058823529,0.7617647058823529,"Agents, Tools & Systems",Software Engineering,False,"Agents, Tools & Systems × Software Engineering"
omnimath,scicode,0.7617647058823529,0.7617647058823529,Mathematics & Reasoning,Scientific Research,False,Mathematics & Reasoning × Scientific Research
qcircuitbench,reasoning-gym,0.7617647058823529,0.7617647058823529,Scientific Research,Mathematics & Reasoning,False,Mathematics & Reasoning × Scientific Research
bixbench,gso,0.7615366190707555,0.7615366190707555,Scientific Research,Software Engineering,False,Scientific Research × Software Engineering
replicationbench,widesearch,0.7614146696444378,0.7614146696444378,Scientific Research,"Agents, Tools & Systems",False,"Agents, Tools & Systems × Scientific Research"
gaia2,humanevalfix,0.7613893200017097,0.7613893200017097,"Agents, Tools & Systems",Software Engineering,False,"Agents, Tools & Systems × Software Engineering"
gaia,simpleqa,0.7608537747840489,0.7608537747840489,"Agents, Tools & Systems",Knowledge & Long Context,False,"Agents, Tools & Systems × Knowledge & Long Context"
financeagent_terminal,widesearch,0.7608537747840489,0.7608537747840489,Professional Domains,"Agents, Tools & Systems",False,"Agents, Tools & Systems × Professional Domains"
bixbench,quixbugs,0.7604301381248922,0.7604301381248922,Scientific Research,Software Engineering,False,Scientific Research × Software Engineering
crustbench,seal0,0.759941089837997,0.759941089837997,Software Engineering,"Agents, Tools & Systems",False,"Agents, Tools & Systems × Software Engineering"
crustbench,dacode,0.7593821040397858,0.7593821040397858,Software Engineering,Data & Analytics,False,Data & Analytics × Software Engineering
medagentbench,swebenchpro,0.7588235294117647,0.7588235294117647,Professional Domains,Software Engineering,False,Professional Domains × Software Engineering
bigcodebench,skillsbench,0.7588235294117647,0.7588235294117647,Software Engineering,"Agents, Tools & Systems",False,"Agents, Tools & Systems × Software Engineering"
spider2,widesearch,0.7588235294117647,0.7588235294117647,Data & Analytics,"Agents, Tools & Systems",False,"Agents, Tools & Systems × Data & Analytics"
omnimath,terminal-bench,0.7588235294117647,0.7588235294117647,Mathematics & Reasoning,"Agents, Tools & Systems",False,"Agents, Tools & Systems × Mathematics & Reasoning"
pixiu,swtbench,0.7584691583498752,0.7584691583498752,Professional Domains,Software Engineering,False,Professional Domains × Software Engineering
quixbugs,swe-lancer,0.7581153928222085,0.7581153928222085,Software Engineering,Software Engineering,True,Software Engineering
gaia,omnimath,0.7579104332955225,0.7579104332955225,"Agents, Tools & Systems",Mathematics & Reasoning,False,"Agents, Tools & Systems × Mathematics & Reasoning"
humanevalfix,medagentbench,0.7577614089812019,0.7577614089812019,Software Engineering,Professional Domains,False,Professional Domains × Software Engineering
bixbench,featurebench-modal,0.7570788437396097,0.7570788437396097,Scientific Research,Software Engineering,False,Scientific Research × Software Engineering
arc-agi-2,quixbugs,0.7570170739986853,0.7570170739986853,Mathematics & Reasoning,Software Engineering,False,Mathematics & Reasoning × Software Engineering
bixbench,crustbench,0.7565211428582213,0.7565211428582213,Scientific Research,Software Engineering,False,Scientific Research × Software Engineering
gaia,widesearch,0.7564387625512594,0.7564387625512594,"Agents, Tools & Systems","Agents, Tools & Systems",True,"Agents, Tools & Systems"
kumo,swebenchpro,0.7561407798312209,0.7561407798312209,Mathematics & Reasoning,Software Engineering,False,Mathematics & Reasoning × Software Engineering
arc-agi-2,gaia2,0.7560797926198051,0.7560797926198051,Mathematics & Reasoning,"Agents, Tools & Systems",False,"Agents, Tools & Systems × Mathematics & Reasoning"
gso,humanevalfix,0.7558058466802875,0.7558058466802875,Software Engineering,Software Engineering,True,Software Engineering
gso,swe-lancer,0.7555236470553126,0.7555236470553126,Software Engineering,Software Engineering,True,Software Engineering
aider-polyglot,quixbugs,0.7551655274804878,0.7551655274804878,Software Engineering,Software Engineering,True,Software Engineering
crustbench,qcircuitbench,0.7549670918069963,0.7549670918069963,Software Engineering,Scientific Research,False,Scientific Research × Software Engineering
humanevalfix,omnimath,0.7546935490258125,0.7546935490258125,Software Engineering,Mathematics & Reasoning,False,Mathematics & Reasoning × Software Engineering
aa-lcr,humanevalfix,0.7544815539936296,0.7544815539936296,Software Engineering,Software Engineering,True,Software Engineering
aa-lcr,hle,0.7534954210627332,0.7534954210627332,Software Engineering,Knowledge & Long Context,False,Knowledge & Long Context × Software Engineering
kumo,livecodebench,0.7531755218710985,0.7531755218710985,Mathematics & Reasoning,Software Engineering,False,Mathematics & Reasoning × Software Engineering
dacode,hle,0.7529411764705882,0.7529411764705882,Data & Analytics,Knowledge & Long Context,False,Data & Analytics × Knowledge & Long Context
swe-lancer,swebenchpro,0.7529411764705882,0.7529411764705882,Software Engineering,Software Engineering,True,Software Engineering
livecodebench,usaco,0.7529411764705882,0.7529411764705882,Software Engineering,Software Engineering,True,Software Engineering
lawbench,swebench-multilingual,0.7525781357607499,0.7525781357607499,Professional Domains,Software Engineering,False,Professional Domains × Software Engineering
gaia2,kumo,0.752246218614026,0.752246218614026,"Agents, Tools & Systems",Mathematics & Reasoning,False,"Agents, Tools & Systems × Mathematics & Reasoning"
hle,swebench-verified,0.7522156621387672,0.7522156621387672,Knowledge & Long Context,Software Engineering,False,Knowledge & Long Context × Software Engineering
spreadsheetbench,widesearch,0.7505520795742069,0.7505520795742069,Professional Domains,"Agents, Tools & Systems",False,"Agents, Tools & Systems × Professional Domains"
kumo,qcircuitbench,0.750210263910976,0.750210263910976,Mathematics & Reasoning,Scientific Research,False,Mathematics & Reasoning × Scientific Research
dacode,medagentbench,0.75,0.75,Data & Analytics,Professional Domains,False,Data & Analytics × Professional Domains
algotune,spreadsheetbench,0.7496318114874816,0.7496318114874816,Software Engineering,Professional Domains,False,Professional Domains × Software Engineering
bixbench,lawbench,0.7492878502243553,0.7492878502243553,Scientific Research,Professional Domains,False,Professional Domains × Scientific Research
bixbench,qcircuitbench,0.7492878502243553,0.7492878502243553,Scientific Research,Scientific Research,True,Scientific Research
lawbench,mmau,0.7490804088299436,0.7490804088299436,Professional Domains,Multimodal,False,Multimodal × Professional Domains
replicationbench,simpleqa,0.7481598688189061,0.7481598688189061,Scientific Research,Knowledge & Long Context,False,Knowledge & Long Context × Scientific Research
featurebench-modal,gpqa-diamond,0.7481598688189061,0.7481598688189061,Software Engineering,Knowledge & Long Context,False,Knowledge & Long Context × Software Engineering
aider-polyglot,gso,0.7481598688189061,0.7481598688189061,Software Engineering,Software Engineering,True,Software Engineering
bixbench,simpleqa,0.7478041119070793,0.7478041119070793,Scientific Research,Knowledge & Long Context,False,Knowledge & Long Context × Scientific Research
quixbugs,terminal-bench,0.7477908641261862,0.7477908641261862,Software Engineering,"Agents, Tools & Systems",False,"Agents, Tools & Systems × Software Engineering"
gaia2,skillsbench,0.7476087380856805,0.7476087380856805,"Agents, Tools & Systems","Agents, Tools & Systems",True,"Agents, Tools & Systems"
gaia,gpqa-diamond,0.7476087380856805,0.7476087380856805,"Agents, Tools & Systems",Knowledge & Long Context,False,"Agents, Tools & Systems × Knowledge & Long Context"
kumo,swtbench,0.7476039185743852,0.7476039185743852,Mathematics & Reasoning,Software Engineering,False,Mathematics & Reasoning × Software Engineering
gpqa-diamond,kumo,0.7472450059508535,0.7472450059508535,Knowledge & Long Context,Mathematics & Reasoning,False,Knowledge & Long Context × Mathematics & Reasoning
hle,medagentbench,0.7470588235294118,0.7470588235294118,Knowledge & Long Context,Professional Domains,False,Knowledge & Long Context × Professional Domains
gaia,seal0,0.7466863033873343,0.7466863033873343,"Agents, Tools & Systems","Agents, Tools & Systems",True,"Agents, Tools & Systems"
aime,kumo,0.7466501125031743,0.7466501125031743,Mathematics & Reasoning,Mathematics & Reasoning,True,Mathematics & Reasoning
bixbench,scicode,0.7463203735898033,0.7463203735898033,Scientific Research,Scientific Research,True,Scientific Research
aime,spreadsheetbench,0.7463091243470014,0.7463091243470014,Mathematics & Reasoning,Professional Domains,False,Mathematics & Reasoning × Professional Domains
arc-agi-2,seal0,0.7450259944820887,0.7450259944820887,Mathematics & Reasoning,"Agents, Tools & Systems",False,"Agents, Tools & Systems × Mathematics & Reasoning"
gaia,hle,0.7446653965971542,0.7446653965971542,"Agents, Tools & Systems",Knowledge & Long Context,False,"Agents, Tools & Systems × Knowledge & Long Context"
aider-polyglot,spider2,0.7441176470588236,0.7441176470588236,Software Engineering,Data & Analytics,False,Data & Analytics × Software Engineering
aider-polyglot,omnimath,0.7441176470588236,0.7441176470588236,Software Engineering,Mathematics & Reasoning,False,Mathematics & Reasoning × Software Engineering
dacode,replicationbench,0.7437416018770621,0.7437416018770621,Data & Analytics,Scientific Research,False,Data & Analytics × Scientific Research
financeagent_terminal,skillsbench,0.7431937258528911,0.7431937258528911,Professional Domains,"Agents, Tools & Systems",False,"Agents, Tools & Systems × Professional Domains"
financeagent_terminal,lawbench,0.7431937258528911,0.7431937258528911,Professional Domains,Professional Domains,True,Professional Domains
mmau,terminal-bench,0.7431937258528911,0.7431937258528911,Multimodal,"Agents, Tools & Systems",False,"Agents, Tools & Systems × Multimodal"
aime,arc-agi-2,0.7431583094194435,0.7431583094194435,Mathematics & Reasoning,Mathematics & Reasoning,True,Mathematics & Reasoning
compilebench,crustbench,0.7416728377972159,0.7416728377972159,Software Engineering,Software Engineering,True,Software Engineering
medagentbench,swe-lancer,0.7411764705882353,0.7411764705882353,Professional Domains,Software Engineering,False,Professional Domains × Software Engineering
bigcodebench,swe-lancer,0.7411764705882353,0.7411764705882353,Software Engineering,Software Engineering,True,Software Engineering
aider-polyglot,bigcodebench,0.7411764705882353,0.7411764705882353,Software Engineering,Software Engineering,True,Software Engineering
aider-polyglot,widesearch,0.7411764705882353,0.7411764705882353,Software Engineering,"Agents, Tools & Systems",False,"Agents, Tools & Systems × Software Engineering"
medagentbench,swtbench,0.7407960905824995,0.7407960905824995,Professional Domains,Software Engineering,False,Professional Domains × Software Engineering
financeagent_terminal,gaia,0.7407952871870398,0.7407952871870398,Professional Domains,"Agents, Tools & Systems",False,"Agents, Tools & Systems × Professional Domains"
aime,dacode,0.7405864083965636,0.7405864083965636,Mathematics & Reasoning,Data & Analytics,False,Data & Analytics × Mathematics & Reasoning
swebench-verified,swebenchpro,0.7404162007718846,0.7404162007718846,Software Engineering,Software Engineering,True,Software Engineering
gaia2,swe-lancer,0.7402503843643647,0.7402503843643647,"Agents, Tools & Systems",Software Engineering,False,"Agents, Tools & Systems × Software Engineering"
algotune,dacode,0.7402503843643647,0.7402503843643647,Software Engineering,Data & Analytics,False,Data & Analytics × Software Engineering
humanevalfix,livecodebench,0.7393542492488651,0.7393542492488651,Software Engineering,Software Engineering,True,Software Engineering
deepsynth,swebench-multilingual,0.7393233349352182,0.7393233349352182,"Agents, Tools & Systems",Software Engineering,False,"Agents, Tools & Systems × Software Engineering"
financeagent_terminal,swtbench,0.7391306354753066,0.7391306354753066,Professional Domains,Software Engineering,False,Professional Domains × Software Engineering
pixiu,quixbugs,0.7389412681010242,0.7389412681010242,Professional Domains,Software Engineering,False,Professional Domains × Software Engineering
pixiu,seal0,0.7387787136201016,0.7387787136201016,Professional Domains,"Agents, Tools & Systems",False,"Agents, Tools & Systems × Professional Domains"
dacode,widesearch,0.7382352941176471,0.7382352941176471,Data & Analytics,"Agents, Tools & Systems",False,"Agents, Tools & Systems × Data & Analytics"
pixiu,widesearch,0.7382352941176471,0.7382352941176471,Professional Domains,"Agents, Tools & Systems",False,"Agents, Tools & Systems × Professional Domains"
aime,lawbench,0.7376299756285135,0.7376299756285135,Mathematics & Reasoning,Professional Domains,False,Mathematics & Reasoning × Professional Domains
compilebench,hle,0.7374179436861477,0.7374179436861477,Software Engineering,Knowledge & Long Context,False,Knowledge & Long Context × Software Engineering
gaia2,widesearch,0.7373070428758385,0.7373070428758385,"Agents, Tools & Systems","Agents, Tools & Systems",True,"Agents, Tools & Systems"
bixbench,swtbench,0.7370188547494532,0.7370188547494532,Scientific Research,Software Engineering,False,Scientific Research × Software Engineering
swebench-multilingual,swtbench,0.7367256637168141,0.7367256637168141,Software Engineering,Software Engineering,True,Software Engineering
bixbench,dacode,0.7359342053688717,0.7359342053688717,Scientific Research,Data & Analytics,False,Data & Analytics × Scientific Research
algotune,gaia2,0.7356406480117821,0.7356406480117821,Software Engineering,"Agents, Tools & Systems",False,"Agents, Tools & Systems × Software Engineering"
lawbench,reasoning-gym,0.7352941176470589,0.7352941176470589,Professional Domains,Mathematics & Reasoning,False,Mathematics & Reasoning × Professional Domains
bigcodebench,swebench-multilingual,0.7349050679933742,0.7349050679933742,Software Engineering,Software Engineering,True,Software Engineering
gaia,medagentbench,0.7343637013873122,0.7343637013873122,"Agents, Tools & Systems",Professional Domains,False,"Agents, Tools & Systems × Professional Domains"
featurebench-modal,quixbugs,0.7333833702250678,0.7333833702250678,Software Engineering,Software Engineering,True,Software Engineering
humanevalfix,reasoning-gym,0.7332185293380862,0.7332185293380862,Software Engineering,Mathematics & Reasoning,False,Mathematics & Reasoning × Software Engineering
replicationbench,swtbench,0.7330383480825958,0.7330383480825958,Scientific Research,Software Engineering,False,Scientific Research × Software Engineering
gaia,swebenchpro,0.732892030643049,0.732892030643049,"Agents, Tools & Systems",Software Engineering,False,"Agents, Tools & Systems × Software Engineering"
bigcodebench,mmau,0.732892030643049,0.732892030643049,Software Engineering,Multimodal,False,Multimodal × Software Engineering
deepsynth,simpleqa,0.7323529411764705,0.7323529411764705,"Agents, Tools & Systems",Knowledge & Long Context,False,"Agents, Tools & Systems × Knowledge & Long Context"
medagentbench,qcircuitbench,0.7323529411764705,0.7323529411764705,Professional Domains,Scientific Research,False,Professional Domains × Scientific Research
dacode,gpqa-diamond,0.7323529411764705,0.7323529411764705,Data & Analytics,Knowledge & Long Context,False,Data & Analytics × Knowledge & Long Context
lawbench,swebenchpro,0.7323529411764705,0.7323529411764705,Professional Domains,Software Engineering,False,Professional Domains × Software Engineering
arc-agi-2,cybergym,0.732172041877971,0.732172041877971,Mathematics & Reasoning,"Agents, Tools & Systems",False,"Agents, Tools & Systems × Mathematics & Reasoning"
compilebench,swebench-verified,0.7321558277053757,0.7321558277053757,Software Engineering,Software Engineering,True,Software Engineering
aa-lcr,widesearch,0.7314203598987858,0.7314203598987858,Software Engineering,"Agents, Tools & Systems",False,"Agents, Tools & Systems × Software Engineering"
swebench-verified,swesmith,0.7306290970084642,0.7306290970084642,Software Engineering,Software Engineering,True,Software Engineering
scicode,swtbench,0.7304868010515303,0.7304868010515303,Scientific Research,Software Engineering,False,Scientific Research × Software Engineering
medagentbench,reasoning-gym,0.7294117647058823,0.7294117647058823,Professional Domains,Mathematics & Reasoning,False,Mathematics & Reasoning × Professional Domains
aider-polyglot,swebenchpro,0.7294117647058823,0.7294117647058823,Software Engineering,Software Engineering,True,Software Engineering
hle,quixbugs,0.7286167394050019,0.7286167394050019,Knowledge & Long Context,Software Engineering,False,Knowledge & Long Context × Software Engineering
aa-lcr,aime,0.7285574702495504,0.7285574702495504,Software Engineering,Mathematics & Reasoning,False,Mathematics & Reasoning × Software Engineering
aa-lcr,skillsbench,0.7284770184102596,0.7284770184102596,Software Engineering,"Agents, Tools & Systems",False,"Agents, Tools & Systems × Software Engineering"
humanevalfix,widesearch,0.7270828094273072,0.7270828094273072,Software Engineering,"Agents, Tools & Systems",False,"Agents, Tools & Systems × Software Engineering"
cybergym,simpleqa,0.7266366319643951,0.7266366319643951,"Agents, Tools & Systems",Knowledge & Long Context,False,"Agents, Tools & Systems × Knowledge & Long Context"
omnimath,swe-lancer,0.7264705882352941,0.7264705882352941,Mathematics & Reasoning,Software Engineering,False,Mathematics & Reasoning × Software Engineering
deepsynth,quixbugs,0.7256668740632813,0.7256668740632813,"Agents, Tools & Systems",Software Engineering,False,"Agents, Tools & Systems × Software Engineering"
swebench-verified,swtbench,0.7252592845528868,0.7252592845528868,Software Engineering,Software Engineering,True,Software Engineering
arc-agi-2,omnimath,0.7245957784624051,0.7245957784624051,Mathematics & Reasoning,Mathematics & Reasoning,True,Mathematics & Reasoning
featurebench-modal,pixiu,0.7245957784624051,0.7245957784624051,Software Engineering,Professional Domains,False,Professional Domains × Software Engineering
aa-lcr,omnimath,0.7240620061774701,0.7240620061774701,Software Engineering,Mathematics & Reasoning,False,Mathematics & Reasoning × Software Engineering
gpqa-diamond,livecodebench,0.7235294117647059,0.7235294117647059,Knowledge & Long Context,Software Engineering,False,Knowledge & Long Context × Software Engineering
hle,simpleqa,0.7235294117647059,0.7235294117647059,Knowledge & Long Context,Knowledge & Long Context,True,Knowledge & Long Context
strongreject,swebench-multilingual,-0.7231230228151238,0.7231230228151238,Safety & Security,Software Engineering,False,Safety & Security × Software Engineering
gpqa-diamond,replicationbench,0.7231230228151238,0.7231230228151238,Knowledge & Long Context,Scientific Research,False,Knowledge & Long Context × Scientific Research
gaia2,swtbench,0.7229183982066558,0.7229183982066558,"Agents, Tools & Systems",Software Engineering,False,"Agents, Tools & Systems × Software Engineering"
omnimath,swesmith,0.7225903354332069,0.7225903354332069,Mathematics & Reasoning,Software Engineering,False,Mathematics & Reasoning × Software Engineering
gso,kumo,0.7223620782252997,0.7223620782252997,Software Engineering,Mathematics & Reasoning,False,Mathematics & Reasoning × Software Engineering
aime,gaia,0.7219005999630063,0.7219005999630063,Mathematics & Reasoning,"Agents, Tools & Systems",False,"Agents, Tools & Systems × Mathematics & Reasoning"
quixbugs,strongreject,-0.7212420760507003,0.7212420760507003,Software Engineering,Safety & Security,False,Safety & Security × Software Engineering
labbench,simpleqa,0.7205882352941176,0.7205882352941176,Scientific Research,Knowledge & Long Context,False,Knowledge & Long Context × Scientific Research
livecodebench,simpleqa,0.7205882352941176,0.7205882352941176,Software Engineering,Knowledge & Long Context,False,Knowledge & Long Context × Software Engineering
omnimath,simpleqa,0.7205882352941176,0.7205882352941176,Mathematics & Reasoning,Knowledge & Long Context,False,Knowledge & Long Context × Mathematics & Reasoning
kumo,omnimath,0.7205576843097516,0.7205576843097516,Mathematics & Reasoning,Mathematics & Reasoning,True,Mathematics & Reasoning
compilebench,seal0,0.7186579649526577,0.7186579649526577,Software Engineering,"Agents, Tools & Systems",False,"Agents, Tools & Systems × Software Engineering"
lawbench,swesmith,0.7181753232004175,0.7181753232004175,Professional Domains,Software Engineering,False,Professional Domains × Software Engineering
aider-polyglot,medagentbench,0.7176470588235294,0.7176470588235294,Software Engineering,Professional Domains,False,Professional Domains × Software Engineering
dacode,scicode,0.7176470588235294,0.7176470588235294,Data & Analytics,Scientific Research,False,Data & Analytics × Scientific Research
gpqa-diamond,skillsbench,0.7176470588235294,0.7176470588235294,Knowledge & Long Context,"Agents, Tools & Systems",False,"Agents, Tools & Systems × Knowledge & Long Context"
omnimath,widesearch,0.7176470588235294,0.7176470588235294,Mathematics & Reasoning,"Agents, Tools & Systems",False,"Agents, Tools & Systems × Mathematics & Reasoning"
mmau,qcircuitbench,0.7167036524561544,0.7167036524561544,Multimodal,Scientific Research,False,Multimodal × Scientific Research
compilebench,deepsynth,0.7166456072442843,0.7166456072442843,Software Engineering,"Agents, Tools & Systems",False,"Agents, Tools & Systems × Software Engineering"
swesmith,terminal-bench,0.7152319817118912,0.7152319817118912,Software Engineering,"Agents, Tools & Systems",False,"Agents, Tools & Systems × Software Engineering"
aa-lcr,replicationbench,0.7148122795723304,0.7148122795723304,Software Engineering,Scientific Research,False,Scientific Research × Software Engineering
bigcodebench,lawbench,0.7147058823529412,0.7147058823529412,Software Engineering,Professional Domains,False,Professional Domains × Software Engineering
financeagent_terminal,swe-lancer,0.713760310967628,0.713760310967628,Professional Domains,Software Engineering,False,Professional Domains × Software Engineering
crustbench,hle,0.713760310967628,0.713760310967628,Software Engineering,Knowledge & Long Context,False,Knowledge & Long Context × Software Engineering
bixbench,gaia,0.7134610581813058,0.7134610581813058,Scientific Research,"Agents, Tools & Systems",False,"Agents, Tools & Systems × Scientific Research"
bixbench,financeagent_terminal,0.7119762276752053,0.7119762276752053,Scientific Research,Professional Domains,False,Professional Domains × Scientific Research
quixbugs,swebench-multilingual,0.711965326180227,0.711965326180227,Software Engineering,Software Engineering,True,Software Engineering
aa-lcr,featurebench-modal,0.7118646000689394,0.7118646000689394,Software Engineering,Software Engineering,True,Software Engineering
arc-agi-2,bigcodebench,0.7113409776368732,0.7113409776368732,Mathematics & Reasoning,Software Engineering,False,Mathematics & Reasoning × Software Engineering
financeagent_terminal,mmau,0.711340206185567,0.711340206185567,Professional Domains,Multimodal,False,Multimodal × Professional Domains
aime,scicode,0.7110220807160621,0.7110220807160621,Mathematics & Reasoning,Scientific Research,False,Mathematics & Reasoning × Scientific Research
financeagent_terminal,swesmith,0.7098674521354934,0.7098674521354934,Professional Domains,Software Engineering,False,Professional Domains × Software Engineering
bigcodebench,quixbugs,0.7094426146838178,0.7094426146838178,Software Engineering,Software Engineering,True,Software Engineering
kumo,swesmith,0.7092183283974446,0.7092183283974446,Mathematics & Reasoning,Software Engineering,False,Mathematics & Reasoning × Software Engineering
aime,bixbench,0.7091771890742733,0.7091771890742733,Mathematics & Reasoning,Scientific Research,False,Mathematics & Reasoning × Scientific Research
lawbench,omnimath,0.7088235294117647,0.7088235294117647,Professional Domains,Mathematics & Reasoning,False,Mathematics & Reasoning × Professional Domains
medagentbench,spider2,0.7088235294117647,0.7088235294117647,Professional Domains,Data & Analytics,False,Data & Analytics × Professional Domains
humanevalfix,swebench-multilingual,0.7081839335764483,0.7081839335764483,Software Engineering,Software Engineering,True,Software Engineering
featurebench-modal,gaia,0.7081800006897006,0.7081800006897006,Software Engineering,"Agents, Tools & Systems",False,"Agents, Tools & Systems × Software Engineering"
algotune,deepsynth,0.7078736279905755,0.7078736279905755,Software Engineering,"Agents, Tools & Systems",False,"Agents, Tools & Systems × Software Engineering"
compilebench,lawbench,0.7077431773406286,0.7077431773406286,Software Engineering,Professional Domains,False,Professional Domains × Software Engineering
algotune,featurebench-modal,0.7074430808138528,0.7074430808138528,Software Engineering,Software Engineering,True,Software Engineering
cybergym,pixiu,0.707319093691313,0.707319093691313,"Agents, Tools & Systems",Professional Domains,False,"Agents, Tools & Systems × Professional Domains"
bigcodebench,swtbench,0.7069227106950293,0.7069227106950293,Software Engineering,Software Engineering,True,Software Engineering
qcircuitbench,widesearch,0.7058823529411765,0.7058823529411765,Scientific Research,"Agents, Tools & Systems",False,"Agents, Tools & Systems × Scientific Research"
livecodebench,qcircuitbench,0.7058823529411765,0.7058823529411765,Software Engineering,Scientific Research,False,Scientific Research × Software Engineering
hle,spreadsheetbench,0.7049302865020491,0.7049302865020491,Knowledge & Long Context,Professional Domains,False,Knowledge & Long Context × Professional Domains
aa-lcr,gpqa-diamond,0.7049302865020491,0.7049302865020491,Software Engineering,Knowledge & Long Context,False,Knowledge & Long Context × Software Engineering
gpqa-diamond,swtbench,0.7039771994004667,0.7039771994004667,Knowledge & Long Context,Software Engineering,False,Knowledge & Long Context × Software Engineering
gso,widesearch,0.7039771994004667,0.7039771994004667,Software Engineering,"Agents, Tools & Systems",False,"Agents, Tools & Systems × Software Engineering"
crustbench,scicode,0.703458615757786,0.703458615757786,Software Engineering,Scientific Research,False,Scientific Research × Software Engineering
aime,gaia2,0.701929989103374,0.701929989103374,Mathematics & Reasoning,"Agents, Tools & Systems",False,"Agents, Tools & Systems × Mathematics & Reasoning"
aime,seal0,0.7011903368493135,0.7011903368493135,Mathematics & Reasoning,"Agents, Tools & Systems",False,"Agents, Tools & Systems × Mathematics & Reasoning"
financeagent_terminal,swebench-verified,0.7011087294525667,0.7011087294525667,Professional Domains,Software Engineering,False,Professional Domains × Software Engineering
spider2,swebench-multilingual,0.7010316881059041,0.7010316881059041,Data & Analytics,Software Engineering,False,Data & Analytics × Software Engineering
gso,pixiu,0.7010316881059041,0.7010316881059041,Software Engineering,Professional Domains,False,Professional Domains × Software Engineering
aa-lcr,spider2,0.7005152742692597,0.7005152742692597,Software Engineering,Data & Analytics,False,Data & Analytics × Software Engineering
hle,spider2,0.7,0.7,Knowledge & Long Context,Data & Analytics,False,Data & Analytics × Knowledge & Long Context
aime,swebench-verified,0.6997793434616966,0.6997793434616966,Mathematics & Reasoning,Software Engineering,False,Mathematics & Reasoning × Software Engineering
bixbench,spreadsheetbench,0.6993551683733508,0.6993551683733508,Scientific Research,Professional Domains,False,Professional Domains × Scientific Research
aime,widesearch,0.6991963496438616,0.6991963496438616,Mathematics & Reasoning,"Agents, Tools & Systems",False,"Agents, Tools & Systems × Mathematics & Reasoning"
arc-agi-2,financeagent_terminal,0.6986000423036796,0.6986000423036796,Mathematics & Reasoning,Professional Domains,False,Mathematics & Reasoning × Professional Domains
gaia,terminal-bench,0.6975719327807334,0.6975719327807334,"Agents, Tools & Systems","Agents, Tools & Systems",True,"Agents, Tools & Systems"
bigcodebench,qcircuitbench,0.6970588235294117,0.6970588235294117,Software Engineering,Scientific Research,False,Scientific Research × Software Engineering
sldbench,swebench-multilingual,0.6966134211640601,0.6966134211640601,Scientific Research,Software Engineering,False,Scientific Research × Software Engineering
featurebench-modal,omnimath,0.6966134211640601,0.6966134211640601,Software Engineering,Mathematics & Reasoning,False,Mathematics & Reasoning × Software Engineering
qcircuitbench,replicationbench,0.6966134211640601,0.6966134211640601,Scientific Research,Scientific Research,True,Scientific Research
labbench,mmmlu,0.6961682206460748,0.6961682206460748,Scientific Research,Knowledge & Long Context,False,Knowledge & Long Context × Scientific Research
aider-polyglot,financeagent_terminal,0.6961002620364702,0.6961002620364702,Software Engineering,Professional Domains,False,Professional Domains × Software Engineering
lawbench,replicationbench,0.6951406655167789,0.6951406655167789,Professional Domains,Scientific Research,False,Professional Domains × Scientific Research
aa-lcr,arc-agi-2,0.6949154429244407,0.6949154429244407,Software Engineering,Mathematics & Reasoning,False,Mathematics & Reasoning × Software Engineering
aa-lcr,gso,0.6949154429244407,0.6949154429244407,Software Engineering,Software Engineering,True,Software Engineering
algotune,spider2,0.6946285912922071,0.6946285912922071,Software Engineering,Data & Analytics,False,Data & Analytics × Software Engineering
bixbench,swebenchpro,0.694389532485145,0.694389532485145,Scientific Research,Software Engineering,False,Scientific Research × Software Engineering
labbench,replicationbench,0.6936679098694976,0.6936679098694976,Scientific Research,Scientific Research,True,Scientific Research
gpqa-diamond,spreadsheetbench,0.693156920547944,0.693156920547944,Knowledge & Long Context,Professional Domains,False,Knowledge & Long Context × Professional Domains
featurebench-modal,seal0,0.6927046832968975,0.6927046832968975,Software Engineering,"Agents, Tools & Systems",False,"Agents, Tools & Systems × Software Engineering"
gso,swebench-multilingual,0.6924778761061947,0.6924778761061947,Software Engineering,Software Engineering,True,Software Engineering
featurebench-modal,swebench-multilingual,0.6924778761061947,0.6924778761061947,Software Engineering,Software Engineering,True,Software Engineering
quixbugs,spider2,0.6917434226334938,0.6917434226334938,Software Engineering,Data & Analytics,False,Data & Analytics × Software Engineering
quixbugs,sldbench,0.6917434226334938,0.6917434226334938,Software Engineering,Scientific Research,False,Scientific Research × Software Engineering
qcircuitbench,skillsbench,0.6911764705882353,0.6911764705882353,Scientific Research,"Agents, Tools & Systems",False,"Agents, Tools & Systems × Scientific Research"
gso,replicationbench,0.6910029498525073,0.6910029498525073,Software Engineering,Scientific Research,False,Scientific Research × Software Engineering
gaia2,quixbugs,0.6907766008080026,0.6907766008080026,"Agents, Tools & Systems",Software Engineering,False,"Agents, Tools & Systems × Software Engineering"
skillsbench,swebench-multilingual,0.6907223985749349,0.6907223985749349,"Agents, Tools & Systems",Software Engineering,False,"Agents, Tools & Systems × Software Engineering"
gso,hle,0.6907223985749349,0.6907223985749349,Software Engineering,Knowledge & Long Context,False,Knowledge & Long Context × Software Engineering
qcircuitbench,quixbugs,0.6902684899626335,0.6902684899626335,Scientific Research,Software Engineering,False,Scientific Research × Software Engineering
replicationbench,scicode,0.6892496429276536,0.6892496429276536,Scientific Research,Scientific Research,True,Scientific Research
medagentbench,swesmith,0.6887419083151545,0.6887419083151545,Professional Domains,Software Engineering,False,Professional Domains × Software Engineering
bixbench,spider2,0.6884545792160413,0.6884545792160413,Scientific Research,Data & Analytics,False,Data & Analytics × Scientific Research
gpqa-diamond,reasoning-gym,0.6882352941176471,0.6882352941176471,Knowledge & Long Context,Mathematics & Reasoning,False,Knowledge & Long Context × Mathematics & Reasoning
hle,swebenchpro,0.6882352941176471,0.6882352941176471,Knowledge & Long Context,Software Engineering,False,Knowledge & Long Context × Software Engineering
hle,strongreject,-0.6882352941176471,0.6882352941176471,Knowledge & Long Context,Safety & Security,False,Knowledge & Long Context × Safety & Security
lawbench,skillsbench,0.6882352941176471,0.6882352941176471,Professional Domains,"Agents, Tools & Systems",False,"Agents, Tools & Systems × Professional Domains"
gpqa-diamond,swebench-verified,0.6873186246209128,0.6873186246209128,Knowledge & Long Context,Software Engineering,False,Knowledge & Long Context × Software Engineering
financeagent_terminal,omnimath,0.6872702375708913,0.6872702375708913,Professional Domains,Mathematics & Reasoning,False,Mathematics & Reasoning × Professional Domains
bixbench,cybergym,0.6859078173524215,0.6859078173524215,Scientific Research,"Agents, Tools & Systems",False,"Agents, Tools & Systems × Scientific Research"
crustbench,swebenchpro,0.6857985668266282,0.6857985668266282,Software Engineering,Software Engineering,True,Software Engineering
crustbench,simpleqa,0.6857985668266282,0.6857985668266282,Software Engineering,Knowledge & Long Context,False,Knowledge & Long Context × Software Engineering
reasoning-gym,terminal-bench,0.6852941176470588,0.6852941176470588,Mathematics & Reasoning,"Agents, Tools & Systems",False,"Agents, Tools & Systems × Mathematics & Reasoning"
kumo,scicode,0.6849745887882824,0.6849745887882824,Mathematics & Reasoning,Scientific Research,False,Mathematics & Reasoning × Scientific Research
featurebench-modal,scicode,0.6848313759858097,0.6848313759858097,Software Engineering,Scientific Research,False,Scientific Research × Software Engineering
algotune,mmau,0.6848306332842415,0.6848306332842415,Software Engineering,Multimodal,False,Multimodal × Software Engineering
pixiu,spreadsheetbench,0.6843268960823651,0.6843268960823651,Professional Domains,Professional Domains,True,Professional Domains
aa-lcr,aider-polyglot,0.6843268960823651,0.6843268960823651,Software Engineering,Software Engineering,True,Software Engineering
dacode,quixbugs,0.6828938266083318,0.6828938266083318,Data & Analytics,Software Engineering,False,Data & Analytics × Software Engineering
kumo,quixbugs,0.6825371248450387,0.6825371248450387,Mathematics & Reasoning,Software Engineering,False,Mathematics & Reasoning × Software Engineering
aa-lcr,kumo,0.6825113620561182,0.6825113620561182,Software Engineering,Mathematics & Reasoning,False,Mathematics & Reasoning × Software Engineering
gpqa-diamond,swebenchpro,0.6823529411764706,0.6823529411764706,Knowledge & Long Context,Software Engineering,False,Knowledge & Long Context × Software Engineering
livecodebench,omnimath,0.6823529411764706,0.6823529411764706,Software Engineering,Mathematics & Reasoning,False,Mathematics & Reasoning × Software Engineering
medagentbench,sldbench,0.6823529411764706,0.6823529411764706,Professional Domains,Scientific Research,False,Professional Domains × Scientific Research
qcircuitbench,strongreject,-0.6823529411764706,0.6823529411764706,Scientific Research,Safety & Security,False,Safety & Security × Scientific Research
medagentbench,swebench-verified,0.6814188939374715,0.6814188939374715,Professional Domains,Software Engineering,False,Professional Domains × Software Engineering
gaia,ineqmath,0.6806792064544085,0.6806792064544085,"Agents, Tools & Systems",Mathematics & Reasoning,False,"Agents, Tools & Systems × Mathematics & Reasoning"
hle,swebench-multilingual,0.6804131090439657,0.6804131090439657,Knowledge & Long Context,Software Engineering,False,Knowledge & Long Context × Software Engineering
arc-agi-2,simpleqa,0.6804131090439657,0.6804131090439657,Mathematics & Reasoning,Knowledge & Long Context,False,Knowledge & Long Context × Mathematics & Reasoning
qcircuitbench,spreadsheetbench,0.6799118838495756,0.6799118838495756,Scientific Research,Professional Domains,False,Professional Domains × Scientific Research
bixbench,swebench-multilingual,0.6790677754445567,0.6790677754445567,Scientific Research,Software Engineering,False,Scientific Research × Software Engineering
financeagent_terminal,quixbugs,0.6789684537856435,0.6789684537856435,Professional Domains,Software Engineering,False,Professional Domains × Software Engineering
replicationbench,swebenchpro,0.6789403533966845,0.6789403533966845,Scientific Research,Software Engineering,False,Scientific Research × Software Engineering
featurebench-modal,simpleqa,0.6789403533966845,0.6789403533966845,Software Engineering,Knowledge & Long Context,False,Knowledge & Long Context × Software Engineering
reasoning-gym,swtbench,0.6789403533966845,0.6789403533966845,Mathematics & Reasoning,Software Engineering,False,Mathematics & Reasoning × Software Engineering
livecodebench,swebench-verified,0.6784690285957509,0.6784690285957509,Software Engineering,Software Engineering,True,Software Engineering
medagentbench,spreadsheetbench,0.6784402131053124,0.6784402131053124,Professional Domains,Professional Domains,True,Professional Domains
aa-lcr,simpleqa,0.6784402131053124,0.6784402131053124,Software Engineering,Knowledge & Long Context,False,Knowledge & Long Context × Software Engineering
aider-polyglot,gaia2,0.6784402131053124,0.6784402131053124,Software Engineering,"Agents, Tools & Systems",False,"Agents, Tools & Systems × Software Engineering"
compilebench,featurebench-modal,0.6775818503341746,0.6775818503341746,Software Engineering,Software Engineering,True,Software Engineering
aa-lcr,swtbench,0.6772293659040944,0.6772293659040944,Software Engineering,Software Engineering,True,Software Engineering
compilebench,sldbench,0.6765846726778336,0.6765846726778336,Software Engineering,Scientific Research,False,Scientific Research × Software Engineering
replicationbench,swebench-multilingual,0.6762536873156342,0.6762536873156342,Scientific Research,Software Engineering,False,Scientific Research × Software Engineering
gpqa-diamond,quixbugs,0.6755191632540302,0.6755191632540302,Knowledge & Long Context,Software Engineering,False,Knowledge & Long Context × Software Engineering
algotune,swebenchpro,0.6754968716167862,0.6754968716167862,Software Engineering,Software Engineering,True,Software Engineering
aa-lcr,medagentbench,0.6754968716167862,0.6754968716167862,Software Engineering,Professional Domains,False,Professional Domains × Software Engineering
cybergym,labbench,0.674627875075328,0.674627875075328,"Agents, Tools & Systems",Scientific Research,False,"Agents, Tools & Systems × Scientific Research"
featurebench-modal,livecodebench,0.6745220864548405,0.6745220864548405,Software Engineering,Software Engineering,True,Software Engineering
compilebench,humanevalfix,0.6740000355372332,0.6740000355372332,Software Engineering,Software Engineering,True,Software Engineering
algotune,gso,0.6735447665248556,0.6735447665248556,Software Engineering,Software Engineering,True,Software Engineering
aider-polyglot,strongreject,-0.6735294117647059,0.6735294117647059,Software Engineering,Safety & Security,False,Safety & Security × Software Engineering
aime,simpleqa,0.6725884547314102,0.6725884547314102,Mathematics & Reasoning,Knowledge & Long Context,False,Knowledge & Long Context × Mathematics & Reasoning
scicode,swebench-verified,0.6725692979123095,0.6725692979123095,Scientific Research,Software Engineering,False,Scientific Research × Software Engineering
gpqa-diamond,swesmith,0.6725535301282598,0.6725535301282598,Knowledge & Long Context,Software Engineering,False,Knowledge & Long Context × Software Engineering
aider-polyglot,cybergym,0.6716559461102384,0.6716559461102384,Software Engineering,"Agents, Tools & Systems",False,"Agents, Tools & Systems × Software Engineering"
compilebench,gso,0.6716381498926468,0.6716381498926468,Software Engineering,Software Engineering,True,Software Engineering
hle,swesmith,0.6710818593839967,0.6710818593839967,Knowledge & Long Context,Software Engineering,False,Knowledge & Long Context × Software Engineering
gpqa-diamond,mmau,0.6710818593839967,0.6710818593839967,Knowledge & Long Context,Multimodal,False,Knowledge & Long Context × Multimodal
aider-polyglot,simpleqa,0.6705882352941176,0.6705882352941176,Software Engineering,Knowledge & Long Context,False,Knowledge & Long Context × Software Engineering
aime,skillsbench,0.66963202196336,0.66963202196336,Mathematics & Reasoning,"Agents, Tools & Systems",False,"Agents, Tools & Systems × Mathematics & Reasoning"
mmau,swebenchpro,0.6696101886397335,0.6696101886397335,Multimodal,Software Engineering,False,Multimodal × Software Engineering
crustbench,gpqa-diamond,0.6696101886397335,0.6696101886397335,Software Engineering,Knowledge & Long Context,False,Knowledge & Long Context × Software Engineering
bigcodebench,crustbench,0.6696101886397335,0.6696101886397335,Software Engineering,Software Engineering,True,Software Engineering
financeagent_terminal,scicode,0.6696101886397335,0.6696101886397335,Professional Domains,Scientific Research,False,Professional Domains × Scientific Research
gaia2,swebench-multilingual,0.669123247269769,0.669123247269769,"Agents, Tools & Systems",Software Engineering,False,"Agents, Tools & Systems × Software Engineering"
livecodebench,swtbench,0.6686310638657152,0.6686310638657152,Software Engineering,Software Engineering,True,Software Engineering
labbench,seal0,0.6681385178954704,0.6681385178954704,Scientific Research,"Agents, Tools & Systems",False,"Agents, Tools & Systems × Scientific Research"
bixbench,medagentbench,0.667682242774178,0.667682242774178,Scientific Research,Professional Domains,False,Professional Domains × Scientific Research
pixiu,strongreject,-0.6676470588235294,0.6676470588235294,Professional Domains,Safety & Security,False,Professional Domains × Safety & Security
codepde,mmau,0.6672046849847741,0.6672046849847741,Scientific Research,Multimodal,False,Multimodal × Scientific Research
gso,strongreject,-0.6671583082184339,0.6671583082184339,Software Engineering,Safety & Security,False,Safety & Security × Software Engineering
crustbench,lawbench,0.6666668471512073,0.6666668471512073,Software Engineering,Professional Domains,False,Professional Domains × Software Engineering
compilebench,dacode,0.666198504456902,0.666198504456902,Software Engineering,Data & Analytics,False,Data & Analytics × Software Engineering
replicationbench,spider2,0.6656855525711526,0.6656855525711526,Scientific Research,Data & Analytics,False,Data & Analytics × Scientific Research
dacode,mmau,0.6651951764069441,0.6651951764069441,Data & Analytics,Multimodal,False,Data & Analytics × Multimodal
gpqa-diamond,spider2,0.6647058823529411,0.6647058823529411,Knowledge & Long Context,Data & Analytics,False,Data & Analytics × Knowledge & Long Context
simpleqa,terminal-bench,0.6647058823529411,0.6647058823529411,Knowledge & Long Context,"Agents, Tools & Systems",False,"Agents, Tools & Systems × Knowledge & Long Context"
crustbench,swtbench,0.6647017280146825,0.6647017280146825,Software Engineering,Software Engineering,True,Software Engineering
gso,lawbench,0.6642127969238713,0.6642127969238713,Software Engineering,Professional Domains,False,Professional Domains × Software Engineering
featurebench-modal,qcircuitbench,0.66274004127659,0.66274004127659,Software Engineering,Scientific Research,False,Scientific Research × Software Engineering
kumo,sldbench,0.6627351540873642,0.6627351540873642,Mathematics & Reasoning,Scientific Research,False,Mathematics & Reasoning × Scientific Research
aider-polyglot,swesmith,0.6622518349184178,0.6622518349184178,Software Engineering,Software Engineering,True,Software Engineering
strongreject,swe-lancer,-0.6617647058823529,0.6617647058823529,Safety & Security,Software Engineering,False,Safety & Security × Software Engineering
seal0,swtbench,0.6610171286354437,0.6610171286354437,"Agents, Tools & Systems",Software Engineering,False,"Agents, Tools & Systems × Software Engineering"
compilebench,scicode,0.6602635511877982,0.6602635511877982,Software Engineering,Scientific Research,False,Scientific Research × Software Engineering
livecodebench,swebench-multilingual,0.6597945299820274,0.6597945299820274,Software Engineering,Software Engineering,True,Software Engineering
swebench-multilingual,swesmith,0.6595432888837481,0.6595432888837481,Software Engineering,Software Engineering,True,Software Engineering
labbench,livecodebench,0.6588235294117647,0.6588235294117647,Scientific Research,Software Engineering,False,Scientific Research × Software Engineering
medagentbench,pixiu,0.6588235294117647,0.6588235294117647,Professional Domains,Professional Domains,True,Professional Domains
cybergym,sldbench,0.6582822657673354,0.6582822657673354,"Agents, Tools & Systems",Scientific Research,False,"Agents, Tools & Systems × Scientific Research"
algotune,terminal-bench,0.6578368226856284,0.6578368226856284,Software Engineering,"Agents, Tools & Systems",False,"Agents, Tools & Systems × Software Engineering"
financeagent_terminal,medagentbench,0.6578368226856284,0.6578368226856284,Professional Domains,Professional Domains,True,Professional Domains
sldbench,swtbench,0.6568490186874647,0.6568490186874647,Scientific Research,Software Engineering,False,Scientific Research × Software Engineering
deepsynth,mmau,0.6563651519413652,0.6563651519413652,"Agents, Tools & Systems",Multimodal,False,"Agents, Tools & Systems × Multimodal"
scicode,skillsbench,0.6558823529411765,0.6558823529411765,Scientific Research,"Agents, Tools & Systems",False,"Agents, Tools & Systems × Scientific Research"
algotune,humanevalfix,0.6554702412111492,0.6554702412111492,Software Engineering,Software Engineering,True,Software Engineering
gpqa-diamond,gso,0.6553762630401835,0.6553762630401835,Knowledge & Long Context,Software Engineering,False,Knowledge & Long Context × Software Engineering
crustbench,mmau,0.6553755522827688,0.6553755522827688,Software Engineering,Multimodal,False,Multimodal × Software Engineering
medagentbench,mmau,0.654893481197102,0.654893481197102,Professional Domains,Multimodal,False,Multimodal × Professional Domains
gso,swtbench,0.6548672566371682,0.6548672566371682,Software Engineering,Software Engineering,True,Software Engineering
humanevalfix,quixbugs,0.6546153846153846,0.6546153846153846,Software Engineering,Software Engineering,True,Software Engineering
replicationbench,spreadsheetbench,0.6536479298769661,0.6536479298769661,Scientific Research,Professional Domains,False,Professional Domains × Scientific Research
crustbench,swebench-multilingual,0.6536479298769661,0.6536479298769661,Software Engineering,Software Engineering,True,Software Engineering
mmau,swe-lancer,0.6534218104528389,0.6534218104528389,Multimodal,Software Engineering,False,Multimodal × Software Engineering
lawbench,quixbugs,0.6533951731911253,0.6533951731911253,Professional Domains,Software Engineering,False,Professional Domains × Software Engineering
bigcodebench,pixiu,0.6529411764705882,0.6529411764705882,Software Engineering,Professional Domains,False,Professional Domains × Software Engineering
livecodebench,scicode,0.6529411764705882,0.6529411764705882,Software Engineering,Scientific Research,False,Scientific Research × Software Engineering
cybergym,seal0,0.6528185981177395,0.6528185981177395,"Agents, Tools & Systems","Agents, Tools & Systems",True,"Agents, Tools & Systems"
livecodebench,quixbugs,0.6519202405202649,0.6519202405202649,Software Engineering,Software Engineering,True,Software Engineering
arc-agi-2,swesmith,0.6507002503735749,0.6507002503735749,Mathematics & Reasoning,Software Engineering,False,Mathematics & Reasoning × Software Engineering
seal0,widesearch,0.6504784689643126,0.6504784689643126,"Agents, Tools & Systems","Agents, Tools & Systems",True,"Agents, Tools & Systems"
quixbugs,seal0,0.6501860954186435,0.6501860954186435,Software Engineering,"Agents, Tools & Systems",False,"Agents, Tools & Systems × Software Engineering"
gpqa-diamond,simpleqa,0.65,0.65,Knowledge & Long Context,Knowledge & Long Context,True,Knowledge & Long Context
gaia,humanevalfix,0.6493300047595225,0.6493300047595225,"Agents, Tools & Systems",Software Engineering,False,"Agents, Tools & Systems × Software Engineering"
mmau,widesearch,0.6490067982200495,0.6490067982200495,Multimodal,"Agents, Tools & Systems",False,"Agents, Tools & Systems × Multimodal"
aider-polyglot,mmau,0.6490067982200495,0.6490067982200495,Software Engineering,Multimodal,False,Multimodal × Software Engineering
swebench-verified,widesearch,0.6489703751785443,0.6489703751785443,Software Engineering,"Agents, Tools & Systems",False,"Agents, Tools & Systems × Software Engineering"
humanevalfix,simpleqa,0.6488523805648754,0.6488523805648754,Software Engineering,Knowledge & Long Context,False,Knowledge & Long Context × Software Engineering
gaia2,medagentbench,0.6475351274757863,0.6475351274757863,"Agents, Tools & Systems",Professional Domains,False,"Agents, Tools & Systems × Professional Domains"
bixbench,gaia2,0.6466436854067819,0.6466436854067819,Scientific Research,"Agents, Tools & Systems",False,"Agents, Tools & Systems × Scientific Research"
crustbench,medagentbench,0.6460634567315231,0.6460634567315231,Software Engineering,Professional Domains,False,Professional Domains × Software Engineering
swebenchpro,swesmith,0.6460634567315231,0.6460634567315231,Software Engineering,Software Engineering,True,Software Engineering
gso,swesmith,0.6455418112426407,0.6455418112426407,Software Engineering,Software Engineering,True,Software Engineering
aime,replicationbench,0.6454522368662896,0.6454522368662896,Mathematics & Reasoning,Scientific Research,False,Mathematics & Reasoning × Scientific Research
algotune,lawbench,0.64459178598726,0.64459178598726,Software Engineering,Professional Domains,False,Professional Domains × Software Engineering
sldbench,terminal-bench,0.6441176470588236,0.6441176470588236,Scientific Research,"Agents, Tools & Systems",False,"Agents, Tools & Systems × Scientific Research"
deepsynth,strongreject,-0.6441176470588236,0.6441176470588236,"Agents, Tools & Systems",Safety & Security,False,"Agents, Tools & Systems × Safety & Security"
simpleqa,swe-lancer,0.6441176470588236,0.6441176470588236,Knowledge & Long Context,Software Engineering,False,Knowledge & Long Context × Software Engineering
compilebench,cybergym,0.6439287596783935,0.6439287596783935,Software Engineering,"Agents, Tools & Systems",False,"Agents, Tools & Systems × Software Engineering"
aime,bigcodebench,0.6430241270509086,0.6430241270509086,Mathematics & Reasoning,Software Engineering,False,Mathematics & Reasoning × Software Engineering
aa-lcr,quixbugs,0.6420679943407717,0.6420679943407717,Software Engineering,Software Engineering,True,Software Engineering
aa-lcr,gaia2,0.6406480117820325,0.6406480117820325,Software Engineering,"Agents, Tools & Systems",False,"Agents, Tools & Systems × Software Engineering"
qcircuitbench,seal0,0.6401767737544706,0.6401767737544706,Scientific Research,"Agents, Tools & Systems",False,"Agents, Tools & Systems × Scientific Research"
gaia,spider2,0.6401767737544706,0.6401767737544706,"Agents, Tools & Systems",Data & Analytics,False,"Agents, Tools & Systems × Data & Analytics"
cybergym,replicationbench,0.6399064593648934,0.6399064593648934,"Agents, Tools & Systems",Scientific Research,False,"Agents, Tools & Systems × Scientific Research"
aa-lcr,swe-lancer,0.6387051030102073,0.6387051030102073,Software Engineering,Software Engineering,True,Software Engineering
featurebench-modal,mmau,0.638172612484163,0.638172612484163,Software Engineering,Multimodal,False,Multimodal × Software Engineering
algotune,gpqa-diamond,0.6357617615216811,0.6357617615216811,Software Engineering,Knowledge & Long Context,False,Knowledge & Long Context × Software Engineering
spreadsheetbench,strongreject,-0.6357617615216811,0.6357617615216811,Professional Domains,Safety & Security,False,Professional Domains × Safety & Security
crustbench,widesearch,0.6357617615216811,0.6357617615216811,Software Engineering,"Agents, Tools & Systems",False,"Agents, Tools & Systems × Software Engineering"
sldbench,widesearch,0.6352941176470588,0.6352941176470588,Scientific Research,"Agents, Tools & Systems",False,"Agents, Tools & Systems × Scientific Research"
reasoning-gym,usaco,0.6352941176470588,0.6352941176470588,Mathematics & Reasoning,Software Engineering,False,Mathematics & Reasoning × Software Engineering
seal0,swebench-verified,0.6346879024517973,0.6346879024517973,"Agents, Tools & Systems",Software Engineering,False,"Agents, Tools & Systems × Software Engineering"
quixbugs,replicationbench,0.6344172356730446,0.6344172356730446,Software Engineering,Scientific Research,False,Scientific Research × Software Engineering
bigcodebench,swesmith,0.6342900907774179,0.6342900907774179,Software Engineering,Software Engineering,True,Software Engineering
simpleqa,swesmith,0.6342900907774179,0.6342900907774179,Knowledge & Long Context,Software Engineering,False,Knowledge & Long Context × Software Engineering
algotune,scicode,0.6342900907774179,0.6342900907774179,Software Engineering,Scientific Research,False,Scientific Research × Software Engineering
aime,gso,0.6336090765568164,0.6336090765568164,Mathematics & Reasoning,Software Engineering,False,Mathematics & Reasoning × Software Engineering
financeagent_terminal,seal0,0.6332842415316642,0.6332842415316642,Professional Domains,"Agents, Tools & Systems",False,"Agents, Tools & Systems × Professional Domains"
swe-lancer,swesmith,0.6328184200331548,0.6328184200331548,Software Engineering,Software Engineering,True,Software Engineering
seal0,usaco,0.6328184200331548,0.6328184200331548,"Agents, Tools & Systems",Software Engineering,False,"Agents, Tools & Systems × Software Engineering"
gaia2,hle,0.6328184200331548,0.6328184200331548,"Agents, Tools & Systems",Knowledge & Long Context,False,"Agents, Tools & Systems × Knowledge & Long Context"
pixiu,spider2,0.6323529411764706,0.6323529411764706,Professional Domains,Data & Analytics,False,Data & Analytics × Professional Domains
gpqa-diamond,strongreject,-0.6323529411764706,0.6323529411764706,Knowledge & Long Context,Safety & Security,False,Knowledge & Long Context × Safety & Security
bixbench,strongreject,-0.6320725231595551,0.6320725231595551,Scientific Research,Safety & Security,False,Safety & Security × Scientific Research
omnimath,replicationbench,0.6318121726836825,0.6318121726836825,Mathematics & Reasoning,Scientific Research,False,Mathematics & Reasoning × Scientific Research
cybergym,qcircuitbench,0.6315349050815294,0.6315349050815294,"Agents, Tools & Systems",Scientific Research,False,"Agents, Tools & Systems × Scientific Research"
compilebench,spreadsheetbench,0.6303105498396759,0.6303105498396759,Software Engineering,Professional Domains,False,Professional Domains × Software Engineering
omnimath,pixiu,0.6294117647058823,0.6294117647058823,Mathematics & Reasoning,Professional Domains,False,Mathematics & Reasoning × Professional Domains
gaia,swtbench,0.6293295739739898,0.6293295739739898,"Agents, Tools & Systems",Software Engineering,False,"Agents, Tools & Systems × Software Engineering"
financeagent_terminal,kumo,0.6290974293734655,0.6290974293734655,Professional Domains,Mathematics & Reasoning,False,Mathematics & Reasoning × Professional Domains
aa-lcr,spreadsheetbench,0.6288659793814433,0.6288659793814433,Software Engineering,Professional Domains,False,Professional Domains × Software Engineering
quixbugs,swebench-verified,0.628698224852071,0.628698224852071,Software Engineering,Software Engineering,True,Software Engineering
financeagent_terminal,replicationbench,0.628592654098142,0.628592654098142,Professional Domains,Scientific Research,False,Professional Domains × Scientific Research
aime,livecodebench,0.6282419632106578,0.6282419632106578,Mathematics & Reasoning,Software Engineering,False,Mathematics & Reasoning × Software Engineering
arc-agi-2,sldbench,0.6273939057418385,0.6273939057418385,Mathematics & Reasoning,Scientific Research,False,Mathematics & Reasoning × Scientific Research
seal0,swebenchpro,0.6269317370561022,0.6269317370561022,"Agents, Tools & Systems",Software Engineering,False,"Agents, Tools & Systems × Software Engineering"
gso,qcircuitbench,0.6259211500945572,0.6259211500945572,Software Engineering,Scientific Research,False,Scientific Research × Software Engineering
crustbench,gso,0.6249080547189032,0.6249080547189032,Software Engineering,Software Engineering,True,Software Engineering
compilebench,swebenchpro,0.6246538315731753,0.6246538315731753,Software Engineering,Software Engineering,True,Software Engineering
medagentbench,replicationbench,0.624448394447276,0.624448394447276,Professional Domains,Scientific Research,False,Professional Domains × Scientific Research
crustbench,spreadsheetbench,0.6244477172312224,0.6244477172312224,Software Engineering,Professional Domains,False,Professional Domains × Software Engineering
hle,mmau,0.6239883955675759,0.6239883955675759,Knowledge & Long Context,Multimodal,False,Knowledge & Long Context × Multimodal
bigcodebench,medagentbench,0.6235294117647059,0.6235294117647059,Software Engineering,Professional Domains,False,Professional Domains × Software Engineering
livecodebench,widesearch,0.6235294117647059,0.6235294117647059,Software Engineering,"Agents, Tools & Systems",False,"Agents, Tools & Systems × Software Engineering"
medagentbench,simpleqa,0.6235294117647059,0.6235294117647059,Professional Domains,Knowledge & Long Context,False,Knowledge & Long Context × Professional Domains
aime,swtbench,0.6232463112860274,0.6232463112860274,Mathematics & Reasoning,Software Engineering,False,Mathematics & Reasoning × Software Engineering
gaia2,gpqa-diamond,0.6225167248233128,0.6225167248233128,"Agents, Tools & Systems",Knowledge & Long Context,False,"Agents, Tools & Systems × Knowledge & Long Context"
crustbench,reasoning-gym,0.6225167248233128,0.6225167248233128,Software Engineering,Mathematics & Reasoning,False,Mathematics & Reasoning × Software Engineering
strongreject,swebench-verified,-0.6224215871030584,0.6224215871030584,Safety & Security,Software Engineering,False,Safety & Security × Software Engineering
bixbench,labbench,0.6216863549386235,0.6216863549386235,Scientific Research,Scientific Research,True,Scientific Research
aime,crustbench,0.6213078934107841,0.6213078934107841,Mathematics & Reasoning,Software Engineering,False,Mathematics & Reasoning × Software Engineering
cybergym,livecodebench,0.621133153703716,0.621133153703716,"Agents, Tools & Systems",Software Engineering,False,"Agents, Tools & Systems × Software Engineering"
omnimath,swebenchpro,0.6205882352941177,0.6205882352941177,Mathematics & Reasoning,Software Engineering,False,Mathematics & Reasoning × Software Engineering
gaia,replicationbench,0.6204865354638167,0.6204865354638167,"Agents, Tools & Systems",Scientific Research,False,"Agents, Tools & Systems × Scientific Research"
aa-lcr,swebench-verified,0.6199277186738484,0.6199277186738484,Software Engineering,Software Engineering,True,Software Engineering
gaia,kumo,0.6194532470835421,0.6194532470835421,"Agents, Tools & Systems",Mathematics & Reasoning,False,"Agents, Tools & Systems × Mathematics & Reasoning"
bfcl,dacode,0.6185573718581506,0.6185573718581506,"Agents, Tools & Systems",Data & Analytics,False,"Agents, Tools & Systems × Data & Analytics"
aa-lcr,swesmith,0.617820324005891,0.617820324005891,Software Engineering,Software Engineering,True,Software Engineering
bigcodebench,widesearch,0.6176470588235294,0.6176470588235294,Software Engineering,"Agents, Tools & Systems",False,"Agents, Tools & Systems × Software Engineering"
pixiu,swebenchpro,0.6176470588235294,0.6176470588235294,Professional Domains,Software Engineering,False,Professional Domains × Software Engineering
lawbench,strongreject,-0.6176470588235294,0.6176470588235294,Professional Domains,Safety & Security,False,Professional Domains × Safety & Security
bigcodebench,scicode,0.6176470588235294,0.6176470588235294,Software Engineering,Scientific Research,False,Scientific Research × Software Engineering
compilebench,gpqa-diamond,0.6172351399867956,0.6172351399867956,Software Engineering,Knowledge & Long Context,False,Knowledge & Long Context × Software Engineering
aa-lcr,crustbench,0.6170839469808542,0.6170839469808542,Software Engineering,Software Engineering,True,Software Engineering
bigcodebench,kumo,0.6167736557054664,0.6167736557054664,Software Engineering,Mathematics & Reasoning,False,Mathematics & Reasoning × Software Engineering
aa-lcr,dacode,0.6166300418462601,0.6166300418462601,Software Engineering,Data & Analytics,False,Data & Analytics × Software Engineering
mmmlu,widesearch,0.6165218564196171,0.6165218564196171,Knowledge & Long Context,"Agents, Tools & Systems",False,"Agents, Tools & Systems × Knowledge & Long Context"
crustbench,cybergym,0.6156421403661598,0.6156421403661598,Software Engineering,"Agents, Tools & Systems",False,"Agents, Tools & Systems × Software Engineering"
financeagent_terminal,qcircuitbench,0.615158371101997,0.615158371101997,Professional Domains,Scientific Research,False,Professional Domains × Scientific Research
omnimath,qcircuitbench,0.6147058823529412,0.6147058823529412,Mathematics & Reasoning,Scientific Research,False,Mathematics & Reasoning × Scientific Research
pixiu,sldbench,0.6147058823529412,0.6147058823529412,Professional Domains,Scientific Research,False,Professional Domains × Scientific Research
qcircuitbench,swebenchpro,0.6147058823529412,0.6147058823529412,Scientific Research,Software Engineering,False,Scientific Research × Software Engineering
simpleqa,skillsbench,0.6147058823529412,0.6147058823529412,Knowledge & Long Context,"Agents, Tools & Systems",False,"Agents, Tools & Systems × Knowledge & Long Context"
bixbench,sldbench,0.6142676633522437,0.6142676633522437,Scientific Research,Scientific Research,True,Scientific Research
cybergym,medagentbench,0.6137033312909921,0.6137033312909921,"Agents, Tools & Systems",Professional Domains,False,"Agents, Tools & Systems × Professional Domains"
cybergym,terminal-bench,0.6137033312909921,0.6137033312909921,"Agents, Tools & Systems","Agents, Tools & Systems",True,"Agents, Tools & Systems"
gaia,skillsbench,0.6136867003577339,0.6136867003577339,"Agents, Tools & Systems","Agents, Tools & Systems",True,"Agents, Tools & Systems"
aime,mmau,0.6131717186161191,0.6131717186161191,Mathematics & Reasoning,Multimodal,False,Mathematics & Reasoning × Multimodal
arc-agi-2,strongreject,-0.6126663492690254,0.6126663492690254,Mathematics & Reasoning,Safety & Security,False,Mathematics & Reasoning × Safety & Security
cybergym,hle,0.6122173668084474,0.6122173668084474,"Agents, Tools & Systems",Knowledge & Long Context,False,"Agents, Tools & Systems × Knowledge & Long Context"
scicode,swebenchpro,0.611764705882353,0.611764705882353,Scientific Research,Software Engineering,False,Scientific Research × Software Engineering
aime,algotune,0.6094734573458168,0.6094734573458168,Mathematics & Reasoning,Software Engineering,False,Mathematics & Reasoning × Software Engineering
aime,quixbugs,0.6093417588194011,0.6093417588194011,Mathematics & Reasoning,Software Engineering,False,Mathematics & Reasoning × Software Engineering
omnimath,spider2,0.6088235294117647,0.6088235294117647,Mathematics & Reasoning,Data & Analytics,False,Data & Analytics × Mathematics & Reasoning
dacode,strongreject,-0.6088235294117647,0.6088235294117647,Data & Analytics,Safety & Security,False,Data & Analytics × Safety & Security
deepsynth,reasoning-gym,0.6088235294117647,0.6088235294117647,"Agents, Tools & Systems",Mathematics & Reasoning,False,"Agents, Tools & Systems × Mathematics & Reasoning"
aa-lcr,lawbench,0.6078000173806812,0.6078000173806812,Software Engineering,Professional Domains,False,Professional Domains × Software Engineering
aime,pixiu,0.6075469338343067,0.6075469338343067,Mathematics & Reasoning,Professional Domains,False,Mathematics & Reasoning × Professional Domains
gso,seal0,0.6064850578227092,0.6064850578227092,Software Engineering,"Agents, Tools & Systems",False,"Agents, Tools & Systems × Software Engineering"
aime,reasoning-gym,0.6060687174502817,0.6060687174502817,Mathematics & Reasoning,Mathematics & Reasoning,True,Mathematics & Reasoning
dacode,omnimath,0.6058823529411764,0.6058823529411764,Data & Analytics,Mathematics & Reasoning,False,Data & Analytics × Mathematics & Reasoning
medagentbench,skillsbench,0.6058823529411764,0.6058823529411764,Professional Domains,"Agents, Tools & Systems",False,"Agents, Tools & Systems × Professional Domains"
dacode,livecodebench,0.6058823529411764,0.6058823529411764,Data & Analytics,Software Engineering,False,Data & Analytics × Software Engineering
seal0,swebench-multilingual,0.6057481379468614,0.6057481379468614,"Agents, Tools & Systems",Software Engineering,False,"Agents, Tools & Systems × Software Engineering"
codepde,reasoning-gym,0.6056976841798525,0.6056976841798525,Scientific Research,Mathematics & Reasoning,False,Mathematics & Reasoning × Scientific Research
bfcl,swebench-verified,0.6056136591989483,0.6056136591989483,"Agents, Tools & Systems",Software Engineering,False,"Agents, Tools & Systems × Software Engineering"
crustbench,spider2,0.604856675892155,0.604856675892155,Software Engineering,Data & Analytics,False,Data & Analytics × Software Engineering
cybergym,omnimath,0.6047875443957235,0.6047875443957235,"Agents, Tools & Systems",Mathematics & Reasoning,False,"Agents, Tools & Systems × Mathematics & Reasoning"
swebench-multilingual,swebenchpro,0.6038298153853375,0.6038298153853375,Software Engineering,Software Engineering,True,Software Engineering
algotune,medagentbench,0.6033850051478917,0.6033850051478917,Software Engineering,Professional Domains,False,Professional Domains × Software Engineering
scicode,spreadsheetbench,0.6033850051478917,0.6033850051478917,Scientific Research,Professional Domains,False,Professional Domains × Scientific Research
lawbench,sldbench,0.6029411764705882,0.6029411764705882,Professional Domains,Scientific Research,False,Professional Domains × Scientific Research
reasoning-gym,swebenchpro,0.6029411764705882,0.6029411764705882,Mathematics & Reasoning,Software Engineering,False,Mathematics & Reasoning × Software Engineering
compilebench,labbench,0.6023977568140361,0.6023977568140361,Software Engineering,Scientific Research,False,Scientific Research × Software Engineering
gaia,swesmith,0.6023564064801178,0.6023564064801178,"Agents, Tools & Systems",Software Engineering,False,"Agents, Tools & Systems × Software Engineering"
research-code-bench,skillsbench,0.6017725297110138,0.6017725297110138,Scientific Research,"Agents, Tools & Systems",False,"Agents, Tools & Systems × Scientific Research"
crustbench,financeagent_terminal,0.601620029455081,0.601620029455081,Software Engineering,Professional Domains,False,Professional Domains × Software Engineering
gaia2,replicationbench,0.600589698815927,0.600589698815927,"Agents, Tools & Systems",Scientific Research,False,"Agents, Tools & Systems × Scientific Research"
strongreject,swtbench,-0.5979387927962123,0.5979387927962123,Safety & Security,Software Engineering,False,Safety & Security × Software Engineering
mmau,swebench-verified,0.5977874430069253,0.5977874430069253,Multimodal,Software Engineering,False,Multimodal × Software Engineering
bigcodebench,gpqa-diamond,0.5970588235294118,0.5970588235294118,Software Engineering,Knowledge & Long Context,False,Knowledge & Long Context × Software Engineering
hle,reasoning-gym,0.5970588235294118,0.5970588235294118,Knowledge & Long Context,Mathematics & Reasoning,False,Knowledge & Long Context × Mathematics & Reasoning
medagentbench,swebench-multilingual,0.5949932815016497,0.5949932815016497,Professional Domains,Software Engineering,False,Professional Domains × Software Engineering
compilebench,spider2,0.5949790652276563,0.5949790652276563,Software Engineering,Data & Analytics,False,Data & Analytics × Software Engineering
bixbench,usaco,0.5949790652276563,0.5949790652276563,Scientific Research,Software Engineering,False,Scientific Research × Software Engineering
financeagent_terminal,reasoning-gym,0.5945549806823128,0.5945549806823128,Professional Domains,Mathematics & Reasoning,False,Mathematics & Reasoning × Professional Domains
deepsynth,sldbench,0.5941176470588235,0.5941176470588235,"Agents, Tools & Systems",Scientific Research,False,"Agents, Tools & Systems × Scientific Research"
aider-polyglot,sldbench,0.5941176470588235,0.5941176470588235,Software Engineering,Scientific Research,False,Scientific Research × Software Engineering
scicode,sldbench,0.5941176470588235,0.5941176470588235,Scientific Research,Scientific Research,True,Scientific Research
omnimath,skillsbench,0.5941176470588235,0.5941176470588235,Mathematics & Reasoning,"Agents, Tools & Systems",False,"Agents, Tools & Systems × Mathematics & Reasoning"
algotune,swtbench,0.5939574199332972,0.5939574199332972,Software Engineering,Software Engineering,True,Software Engineering
gaia,gaia2,0.593519882179676,0.593519882179676,"Agents, Tools & Systems","Agents, Tools & Systems",True,"Agents, Tools & Systems"
algotune,widesearch,0.5930833099380497,0.5930833099380497,Software Engineering,"Agents, Tools & Systems",False,"Agents, Tools & Systems × Software Engineering"
seal0,swesmith,0.5920471281296024,0.5920471281296024,"Agents, Tools & Systems",Software Engineering,False,"Agents, Tools & Systems × Software Engineering"
seal0,sldbench,0.5916116391937866,0.5916116391937866,"Agents, Tools & Systems",Scientific Research,False,"Agents, Tools & Systems × Scientific Research"
algotune,swe-lancer,0.5916116391937866,0.5916116391937866,Software Engineering,Software Engineering,True,Software Engineering
cybergym,gpqa-diamond,0.5914138640528205,0.5914138640528205,"Agents, Tools & Systems",Knowledge & Long Context,False,"Agents, Tools & Systems × Knowledge & Long Context"
qcircuitbench,spider2,0.5911764705882353,0.5911764705882353,Scientific Research,Data & Analytics,False,Data & Analytics × Scientific Research
gaia2,pixiu,0.5901399684495234,0.5901399684495234,"Agents, Tools & Systems",Professional Domains,False,"Agents, Tools & Systems × Professional Domains"
mmmlu,skillsbench,0.5899730683441311,0.5899730683441311,Knowledge & Long Context,"Agents, Tools & Systems",False,"Agents, Tools & Systems × Knowledge & Long Context"
labbench,research-code-bench,0.5899730683441311,0.5899730683441311,Scientific Research,Scientific Research,True,Scientific Research
gaia,scicode,0.5886682977052603,0.5886682977052603,"Agents, Tools & Systems",Scientific Research,False,"Agents, Tools & Systems × Scientific Research"
reasoning-gym,sldbench,0.5882352941176471,0.5882352941176471,Mathematics & Reasoning,Scientific Research,False,Mathematics & Reasoning × Scientific Research
qcircuitbench,usaco,0.5882352941176471,0.5882352941176471,Scientific Research,Software Engineering,False,Scientific Research × Software Engineering
cybergym,swebench-multilingual,0.5878210498817044,0.5878210498817044,"Agents, Tools & Systems",Software Engineering,False,"Agents, Tools & Systems × Software Engineering"
mmau,spreadsheetbench,0.5876288659793815,0.5876288659793815,Multimodal,Professional Domains,False,Multimodal × Professional Domains
bfcl,spreadsheetbench,0.5873251410506674,0.5873251410506674,"Agents, Tools & Systems",Professional Domains,False,"Agents, Tools & Systems × Professional Domains"
omnimath,spreadsheetbench,0.5871966269609971,0.5871966269609971,Mathematics & Reasoning,Professional Domains,False,Mathematics & Reasoning × Professional Domains
aa-lcr,bigcodebench,0.5871966269609971,0.5871966269609971,Software Engineering,Software Engineering,True,Software Engineering
financeagent_terminal,strongreject,-0.5871966269609971,0.5871966269609971,Professional Domains,Safety & Security,False,Professional Domains × Safety & Security
aa-lcr,livecodebench,0.5871966269609971,0.5871966269609971,Software Engineering,Software Engineering,True,Software Engineering
medagentbench,quixbugs,0.5870232030024105,0.5870232030024105,Professional Domains,Software Engineering,False,Professional Domains × Software Engineering
bixbench,mmmlu,0.5863199108047115,0.5863199108047115,Scientific Research,Knowledge & Long Context,False,Knowledge & Long Context × Scientific Research
swtbench,usaco,0.5861567476179618,0.5861567476179618,Software Engineering,Software Engineering,True,Software Engineering
gaia,swe-lancer,0.5857249562167339,0.5857249562167339,"Agents, Tools & Systems",Software Engineering,False,"Agents, Tools & Systems × Software Engineering"
bigcodebench,hle,0.5852941176470589,0.5852941176470589,Software Engineering,Knowledge & Long Context,False,Knowledge & Long Context × Software Engineering
omnimath,reasoning-gym,0.5852941176470589,0.5852941176470589,Mathematics & Reasoning,Mathematics & Reasoning,True,Mathematics & Reasoning
bigcodebench,replicationbench,0.5846839919706805,0.5846839919706805,Software Engineering,Scientific Research,False,Scientific Research × Software Engineering
financeagent_terminal,pixiu,0.5842532854724708,0.5842532854724708,Professional Domains,Professional Domains,True,Professional Domains
omnimath,quixbugs,0.5840733376606898,0.5840733376606898,Mathematics & Reasoning,Software Engineering,False,Mathematics & Reasoning × Software Engineering
swesmith,swtbench,0.5836405416714285,0.5836405416714285,Software Engineering,Software Engineering,True,Software Engineering
cybergym,swe-lancer,0.5824980771575519,0.5824980771575519,"Agents, Tools & Systems",Software Engineering,False,"Agents, Tools & Systems × Software Engineering"
aider-polyglot,reasoning-gym,0.5823529411764706,0.5823529411764706,Software Engineering,Mathematics & Reasoning,False,Mathematics & Reasoning × Software Engineering
lawbench,livecodebench,0.5823529411764706,0.5823529411764706,Professional Domains,Software Engineering,False,Professional Domains × Software Engineering
dacode,reasoning-gym,0.5823529411764706,0.5823529411764706,Data & Analytics,Mathematics & Reasoning,False,Data & Analytics × Mathematics & Reasoning
omnimath,swebench-verified,0.5811234723189692,0.5811234723189692,Mathematics & Reasoning,Software Engineering,False,Mathematics & Reasoning × Software Engineering
mmau,skillsbench,0.5798382732396814,0.5798382732396814,Multimodal,"Agents, Tools & Systems",False,"Agents, Tools & Systems × Multimodal"
cybergym,deepsynth,0.5795261481924623,0.5795261481924623,"Agents, Tools & Systems","Agents, Tools & Systems",True,"Agents, Tools & Systems"
sldbench,swebenchpro,0.5794117647058824,0.5794117647058824,Scientific Research,Software Engineering,False,Scientific Research × Software Engineering
algotune,swebench-verified,0.578599204095592,0.578599204095592,Software Engineering,Software Engineering,True,Software Engineering
scicode,seal0,0.5783666024954182,0.5783666024954182,Scientific Research,"Agents, Tools & Systems",False,"Agents, Tools & Systems × Scientific Research"
algotune,qcircuitbench,0.576894931751155,0.576894931751155,Software Engineering,Scientific Research,False,Scientific Research × Software Engineering
cybergym,swebench-verified,0.576767130690488,0.576767130690488,"Agents, Tools & Systems",Software Engineering,False,"Agents, Tools & Systems × Software Engineering"
simpleqa,sldbench,0.5764705882352941,0.5764705882352941,Knowledge & Long Context,Scientific Research,False,Knowledge & Long Context × Scientific Research
gpqa-diamond,sldbench,0.5764705882352941,0.5764705882352941,Knowledge & Long Context,Scientific Research,False,Knowledge & Long Context × Scientific Research
pixiu,simpleqa,0.5764705882352941,0.5764705882352941,Professional Domains,Knowledge & Long Context,False,Knowledge & Long Context × Professional Domains
strongreject,terminal-bench,-0.5764705882352941,0.5764705882352941,Safety & Security,"Agents, Tools & Systems",False,"Agents, Tools & Systems × Safety & Security"
hle,sldbench,0.5764705882352941,0.5764705882352941,Knowledge & Long Context,Scientific Research,False,Knowledge & Long Context × Scientific Research
gaia,spreadsheetbench,0.5758468335787923,0.5758468335787923,"Agents, Tools & Systems",Professional Domains,False,"Agents, Tools & Systems × Professional Domains"
medagentbench,seal0,0.5754232610068919,0.5754232610068919,Professional Domains,"Agents, Tools & Systems",False,"Agents, Tools & Systems × Professional Domains"
mmau,pixiu,0.5754232610068919,0.5754232610068919,Multimodal,Professional Domains,False,Multimodal × Professional Domains
quixbugs,scicode,0.5752237416355279,0.5752237416355279,Software Engineering,Scientific Research,False,Scientific Research × Software Engineering
omnimath,swtbench,0.5743747024397113,0.5743747024397113,Mathematics & Reasoning,Software Engineering,False,Mathematics & Reasoning × Software Engineering
compilebench,medagentbench,0.574206728785793,0.574206728785793,Software Engineering,Professional Domains,False,Professional Domains × Software Engineering
kumo,labbench,0.5737774152836911,0.5737774152836911,Mathematics & Reasoning,Scientific Research,False,Mathematics & Reasoning × Scientific Research
simpleqa,widesearch,0.5735294117647058,0.5735294117647058,Knowledge & Long Context,"Agents, Tools & Systems",False,"Agents, Tools & Systems × Knowledge & Long Context"
hle,usaco,0.5735294117647058,0.5735294117647058,Knowledge & Long Context,Software Engineering,False,Knowledge & Long Context × Software Engineering
arc-agi-2,gaia,0.5733236634095599,0.5733236634095599,Mathematics & Reasoning,"Agents, Tools & Systems",False,"Agents, Tools & Systems × Mathematics & Reasoning"
bigcodebench,compilebench,0.572722990468517,0.572722990468517,Software Engineering,Software Engineering,True,Software Engineering
crustbench,sldbench,0.5724799195183656,0.5724799195183656,Software Engineering,Scientific Research,False,Scientific Research × Software Engineering
gaia2,qcircuitbench,0.5724799195183656,0.5724799195183656,"Agents, Tools & Systems",Scientific Research,False,"Agents, Tools & Systems × Scientific Research"
dacode,seal0,0.5724799195183656,0.5724799195183656,Data & Analytics,"Agents, Tools & Systems",False,"Agents, Tools & Systems × Data & Analytics"
aime,qcircuitbench,0.5720697406177049,0.5720697406177049,Mathematics & Reasoning,Scientific Research,False,Mathematics & Reasoning × Scientific Research
compilebench,usaco,0.5712392521512412,0.5712392521512412,Software Engineering,Software Engineering,True,Software Engineering
quixbugs,usaco,0.5707989436229469,0.5707989436229469,Software Engineering,Software Engineering,True,Software Engineering
spider2,strongreject,-0.5705882352941176,0.5705882352941176,Data & Analytics,Safety & Security,False,Data & Analytics × Safety & Security
bigcodebench,reasoning-gym,0.5705882352941176,0.5705882352941176,Software Engineering,Mathematics & Reasoning,False,Mathematics & Reasoning × Software Engineering
gaia2,strongreject,-0.5695365780298393,0.5695365780298393,"Agents, Tools & Systems",Safety & Security,False,"Agents, Tools & Systems × Safety & Security"
gpqa-diamond,swebench-multilingual,0.5684836798505861,0.5684836798505861,Knowledge & Long Context,Software Engineering,False,Knowledge & Long Context × Software Engineering
gaia,mmmlu,0.5682670754510277,0.5682670754510277,"Agents, Tools & Systems",Knowledge & Long Context,False,"Agents, Tools & Systems × Knowledge & Long Context"
reasoning-gym,swe-lancer,0.5676470588235294,0.5676470588235294,Mathematics & Reasoning,Software Engineering,False,Mathematics & Reasoning × Software Engineering
sldbench,usaco,0.5676470588235294,0.5676470588235294,Scientific Research,Software Engineering,False,Scientific Research × Software Engineering
aider-polyglot,usaco,0.5676470588235294,0.5676470588235294,Software Engineering,Software Engineering,True,Software Engineering
simpleqa,swebench-verified,0.5663741456103659,0.5663741456103659,Knowledge & Long Context,Software Engineering,False,Knowledge & Long Context × Software Engineering
kumo,strongreject,-0.566364270383385,0.566364270383385,Mathematics & Reasoning,Safety & Security,False,Mathematics & Reasoning × Safety & Security
crustbench,gaia,0.5655375552282769,0.5655375552282769,Software Engineering,"Agents, Tools & Systems",False,"Agents, Tools & Systems × Software Engineering"
dacode,gaia,0.5651215657970499,0.5651215657970499,Data & Analytics,"Agents, Tools & Systems",False,"Agents, Tools & Systems × Data & Analytics"
pixiu,usaco,0.5647058823529412,0.5647058823529412,Professional Domains,Software Engineering,False,Professional Domains × Software Engineering
livecodebench,sldbench,0.5647058823529412,0.5647058823529412,Software Engineering,Scientific Research,False,Scientific Research × Software Engineering
simpleqa,spider2,0.5647058823529412,0.5647058823529412,Knowledge & Long Context,Data & Analytics,False,Data & Analytics × Knowledge & Long Context
aa-lcr,scicode,0.5636498950527867,0.5636498950527867,Software Engineering,Scientific Research,False,Scientific Research × Software Engineering
compilebench,gaia2,0.5627507618121018,0.5627507618121018,Software Engineering,"Agents, Tools & Systems",False,"Agents, Tools & Systems × Software Engineering"
scicode,swebench-multilingual,0.5625926572614608,0.5625926572614608,Scientific Research,Software Engineering,False,Scientific Research × Software Engineering
algotune,swesmith,0.5625920471281296,0.5625920471281296,Software Engineering,Software Engineering,True,Software Engineering
simpleqa,swebenchpro,0.5617647058823529,0.5617647058823529,Knowledge & Long Context,Software Engineering,False,Knowledge & Long Context × Software Engineering
bfcl,gaia2,0.5615329453959956,0.5615329453959956,"Agents, Tools & Systems","Agents, Tools & Systems",True,"Agents, Tools & Systems"
humanevalfix,strongreject,-0.5614183718362752,0.5614183718362752,Software Engineering,Safety & Security,False,Safety & Security × Software Engineering
bigcodebench,bixbench,0.5608530839303095,0.5608530839303095,Software Engineering,Scientific Research,False,Scientific Research × Software Engineering
seal0,spider2,0.5607065535642604,0.5607065535642604,"Agents, Tools & Systems",Data & Analytics,False,"Agents, Tools & Systems × Data & Analytics"
compilebench,simpleqa,0.5593693456130335,0.5593693456130335,Software Engineering,Knowledge & Long Context,False,Knowledge & Long Context × Software Engineering
mmau,replicationbench,0.5593221857684523,0.5593221857684523,Multimodal,Scientific Research,False,Multimodal × Scientific Research
sldbench,swe-lancer,0.5588235294117647,0.5588235294117647,Scientific Research,Software Engineering,False,Scientific Research × Software Engineering
scicode,spider2,0.5588235294117647,0.5588235294117647,Scientific Research,Data & Analytics,False,Data & Analytics × Scientific Research
replicationbench,usaco,0.5581743903196169,0.5581743903196169,Scientific Research,Software Engineering,False,Scientific Research × Software Engineering
bixbench,swesmith,0.55755385504075,0.55755385504075,Scientific Research,Software Engineering,False,Scientific Research × Software Engineering
crustbench,gaia2,0.5567010309278351,0.5567010309278351,Software Engineering,"Agents, Tools & Systems",False,"Agents, Tools & Systems × Software Engineering"
aa-lcr,pixiu,0.556291541331471,0.556291541331471,Software Engineering,Professional Domains,False,Professional Domains × Software Engineering
qcircuitbench,swesmith,0.556291541331471,0.556291541331471,Scientific Research,Software Engineering,False,Scientific Research × Software Engineering
cybergym,scicode,0.5557507164717459,0.5557507164717459,"Agents, Tools & Systems",Scientific Research,False,"Agents, Tools & Systems × Scientific Research"
arc-agi-2,mmau,0.5556375863892136,0.5556375863892136,Mathematics & Reasoning,Multimodal,False,Mathematics & Reasoning × Multimodal
gaia,sldbench,0.5548198705872078,0.5548198705872078,"Agents, Tools & Systems",Scientific Research,False,"Agents, Tools & Systems × Scientific Research"
gaia,lawbench,0.5548198705872078,0.5548198705872078,"Agents, Tools & Systems",Professional Domains,False,"Agents, Tools & Systems × Professional Domains"
aider-polyglot,gaia,0.5548198705872078,0.5548198705872078,Software Engineering,"Agents, Tools & Systems",False,"Agents, Tools & Systems × Software Engineering"
gaia,gso,0.5526899068858224,0.5526899068858224,"Agents, Tools & Systems",Software Engineering,False,"Agents, Tools & Systems × Software Engineering"
swesmith,widesearch,0.5504048583544183,0.5504048583544183,Software Engineering,"Agents, Tools & Systems",False,"Agents, Tools & Systems × Software Engineering"
lawbench,seal0,0.5504048583544183,0.5504048583544183,Professional Domains,"Agents, Tools & Systems",False,"Agents, Tools & Systems × Professional Domains"
dacode,sldbench,0.55,0.55,Data & Analytics,Scientific Research,False,Data & Analytics × Scientific Research
skillsbench,sldbench,0.55,0.55,"Agents, Tools & Systems",Scientific Research,False,"Agents, Tools & Systems × Scientific Research"
swebench-multilingual,widesearch,0.549337856435929,0.549337856435929,Software Engineering,"Agents, Tools & Systems",False,"Agents, Tools & Systems × Software Engineering"
bfcl,spider2,0.5449195894940851,0.5449195894940851,"Agents, Tools & Systems",Data & Analytics,False,"Agents, Tools & Systems × Data & Analytics"
livecodebench,swebenchpro,0.5441176470588235,0.5441176470588235,Software Engineering,Software Engineering,True,Software Engineering
livecodebench,medagentbench,0.5441176470588235,0.5441176470588235,Software Engineering,Professional Domains,False,Professional Domains × Software Engineering
skillsbench,strongreject,-0.5441176470588235,0.5441176470588235,"Agents, Tools & Systems",Safety & Security,False,"Agents, Tools & Systems × Safety & Security"
seal0,spreadsheetbench,0.5434462444771723,0.5434462444771723,"Agents, Tools & Systems",Professional Domains,False,"Agents, Tools & Systems × Professional Domains"
gaia,livecodebench,0.5430465046331026,0.5430465046331026,"Agents, Tools & Systems",Software Engineering,False,"Agents, Tools & Systems × Software Engineering"
algotune,hle,0.5430465046331026,0.5430465046331026,Software Engineering,Knowledge & Long Context,False,Knowledge & Long Context × Software Engineering
aime,bfcl,0.5425647816777411,0.5425647816777411,Mathematics & Reasoning,"Agents, Tools & Systems",False,"Agents, Tools & Systems × Mathematics & Reasoning"
gaia,quixbugs,0.54169874465072,0.54169874465072,"Agents, Tools & Systems",Software Engineering,False,"Agents, Tools & Systems × Software Engineering"
seal0,strongreject,-0.5415748338888394,0.5415748338888394,"Agents, Tools & Systems",Safety & Security,False,"Agents, Tools & Systems × Safety & Security"
crustbench,omnimath,0.5415748338888394,0.5415748338888394,Software Engineering,Mathematics & Reasoning,False,Mathematics & Reasoning × Software Engineering
featurebench-modal,sldbench,0.5405013225522411,0.5405013225522411,Software Engineering,Scientific Research,False,Scientific Research × Software Engineering
algotune,gaia,0.540500736377025,0.540500736377025,Software Engineering,"Agents, Tools & Systems",False,"Agents, Tools & Systems × Software Engineering"
mmau,spider2,0.5401031631445763,0.5401031631445763,Multimodal,Data & Analytics,False,Data & Analytics × Multimodal
algotune,skillsbench,0.5386314924003132,0.5386314924003132,Software Engineering,"Agents, Tools & Systems",False,"Agents, Tools & Systems × Software Engineering"
aa-lcr,compilebench,0.5382510584614429,0.5382510584614429,Software Engineering,Software Engineering,True,Software Engineering
reasoning-gym,widesearch,0.538235294117647,0.538235294117647,Mathematics & Reasoning,"Agents, Tools & Systems",False,"Agents, Tools & Systems × Mathematics & Reasoning"
bfcl,swe-lancer,0.5375558112576786,0.5375558112576786,"Agents, Tools & Systems",Software Engineering,False,"Agents, Tools & Systems × Software Engineering"
compilebench,strongreject,-0.5371132708538943,0.5371132708538943,Software Engineering,Safety & Security,False,Safety & Security × Software Engineering
cybergym,humanevalfix,0.5370640909964451,0.5370640909964451,"Agents, Tools & Systems",Software Engineering,False,"Agents, Tools & Systems × Software Engineering"
livecodebench,mmau,0.5356881509117868,0.5356881509117868,Software Engineering,Multimodal,False,Multimodal × Software Engineering
aa-lcr,mmau,0.5353460972017673,0.5353460972017673,Software Engineering,Multimodal,False,Multimodal × Software Engineering
mmau,quixbugs,0.535056661950643,0.535056661950643,Multimodal,Software Engineering,False,Multimodal × Software Engineering
aa-lcr,research-code-bench,0.5335806435728482,0.5335806435728482,Software Engineering,Scientific Research,False,Scientific Research × Software Engineering
crustbench,usaco,0.5312731386789974,0.5312731386789974,Software Engineering,Software Engineering,True,Software Engineering
reasoning-gym,swebench-verified,0.530975761509718,0.530975761509718,Mathematics & Reasoning,Software Engineering,False,Mathematics & Reasoning × Software Engineering
aa-lcr,reasoning-gym,0.5298014679347343,0.5298014679347343,Software Engineering,Mathematics & Reasoning,False,Mathematics & Reasoning × Software Engineering
research-code-bench,simpleqa,0.5295008288388577,0.5295008288388577,Scientific Research,Knowledge & Long Context,False,Knowledge & Long Context × Scientific Research
gso,research-code-bench,0.5288041219346914,0.5288041219346914,Software Engineering,Scientific Research,False,Scientific Research × Software Engineering
cybergym,skillsbench,0.5275173913033951,0.5275173913033951,"Agents, Tools & Systems","Agents, Tools & Systems",True,"Agents, Tools & Systems"
arc-agi-2,labbench,0.5272465217267094,0.5272465217267094,Mathematics & Reasoning,Scientific Research,False,Mathematics & Reasoning × Scientific Research
mmmlu,seal0,0.5269385608727712,0.5269385608727712,Knowledge & Long Context,"Agents, Tools & Systems",False,"Agents, Tools & Systems × Knowledge & Long Context"
bigcodebench,strongreject,-0.5264705882352941,0.5264705882352941,Software Engineering,Safety & Security,False,Safety & Security × Software Engineering
aa-lcr,mmmlu,0.5254625424949764,0.5254625424949764,Software Engineering,Knowledge & Long Context,False,Knowledge & Long Context × Software Engineering
algotune,reasoning-gym,0.5253864557019448,0.5253864557019448,Software Engineering,Mathematics & Reasoning,False,Mathematics & Reasoning × Software Engineering
humanevalfix,sldbench,0.5246040523716013,0.5246040523716013,Software Engineering,Scientific Research,False,Scientific Research × Software Engineering
replicationbench,research-code-bench,0.5243728024771381,0.5243728024771381,Scientific Research,Scientific Research,True,Scientific Research
compilebench,mmau,0.5241451686534879,0.5241451686534879,Software Engineering,Multimodal,False,Multimodal × Software Engineering
gaia2,omnimath,0.5239147849576816,0.5239147849576816,"Agents, Tools & Systems",Mathematics & Reasoning,False,"Agents, Tools & Systems × Mathematics & Reasoning"
strongreject,usaco,-0.5235294117647059,0.5235294117647059,Safety & Security,Software Engineering,False,Safety & Security × Software Engineering
aa-lcr,cybergym,0.5227009959872105,0.5227009959872105,Software Engineering,"Agents, Tools & Systems",False,"Agents, Tools & Systems × Software Engineering"
omnimath,strongreject,-0.5205882352941177,0.5205882352941177,Mathematics & Reasoning,Safety & Security,False,Mathematics & Reasoning × Safety & Security
bfcl,bigcodebench,0.5198827434903028,0.5198827434903028,"Agents, Tools & Systems",Software Engineering,False,"Agents, Tools & Systems × Software Engineering"
sldbench,spreadsheetbench,0.5194997727248922,0.5194997727248922,Scientific Research,Professional Domains,False,Professional Domains × Scientific Research
scicode,swesmith,0.5194997727248922,0.5194997727248922,Scientific Research,Software Engineering,False,Scientific Research × Software Engineering
crustbench,quixbugs,0.5188204597948993,0.5188204597948993,Software Engineering,Software Engineering,True,Software Engineering
cybergym,lawbench,0.5186016044081265,0.5186016044081265,"Agents, Tools & Systems",Professional Domains,False,"Agents, Tools & Systems × Professional Domains"
bfcl,gso,0.5184365781710915,0.5184365781710915,"Agents, Tools & Systems",Software Engineering,False,"Agents, Tools & Systems × Software Engineering"
featurebench-modal,reasoning-gym,0.5184099878430215,0.5184099878430215,Software Engineering,Mathematics & Reasoning,False,Mathematics & Reasoning × Software Engineering
research-code-bench,seal0,0.5180824506060019,0.5180824506060019,Scientific Research,"Agents, Tools & Systems",False,"Agents, Tools & Systems × Scientific Research"
gaia2,scicode,0.518028101980629,0.518028101980629,"Agents, Tools & Systems",Scientific Research,False,"Agents, Tools & Systems × Scientific Research"
dacode,simpleqa,0.5176470588235295,0.5176470588235295,Data & Analytics,Knowledge & Long Context,False,Data & Analytics × Knowledge & Long Context
mmmlu,replicationbench,0.5169872700478827,0.5169872700478827,Knowledge & Long Context,Scientific Research,False,Knowledge & Long Context × Scientific Research
labbench,pixiu,0.5147058823529411,0.5147058823529411,Scientific Research,Professional Domains,False,Professional Domains × Scientific Research
swe-lancer,usaco,0.5147058823529411,0.5147058823529411,Software Engineering,Software Engineering,True,Software Engineering
compilebench,financeagent_terminal,0.5137513551107842,0.5137513551107842,Software Engineering,Professional Domains,False,Professional Domains × Software Engineering
labbench,skillsbench,0.5117647058823529,0.5117647058823529,Scientific Research,"Agents, Tools & Systems",False,"Agents, Tools & Systems × Scientific Research"
replicationbench,sldbench,0.511046209606615,0.511046209606615,Scientific Research,Scientific Research,True,Scientific Research
mmau,usaco,0.5106697482593133,0.5106697482593133,Multimodal,Software Engineering,False,Multimodal × Software Engineering
mmau,omnimath,0.5106697482593133,0.5106697482593133,Multimodal,Mathematics & Reasoning,False,Mathematics & Reasoning × Multimodal
mmmlu,simpleqa,0.5103267041176734,0.5103267041176734,Knowledge & Long Context,Knowledge & Long Context,True,Knowledge & Long Context
gso,omnimath,0.5095734539593336,0.5095734539593336,Software Engineering,Mathematics & Reasoning,False,Mathematics & Reasoning × Software Engineering
gso,medagentbench,0.5095734539593336,0.5095734539593336,Software Engineering,Professional Domains,False,Professional Domains × Software Engineering
gso,simpleqa,0.5095734539593336,0.5095734539593336,Software Engineering,Knowledge & Long Context,False,Knowledge & Long Context × Software Engineering
livecodebench,spreadsheetbench,0.5091980775150501,0.5091980775150501,Software Engineering,Professional Domains,False,Professional Domains × Software Engineering
livecodebench,strongreject,-0.5088235294117647,0.5088235294117647,Software Engineering,Safety & Security,False,Safety & Security × Software Engineering
gso,scicode,0.5081006983120523,0.5081006983120523,Software Engineering,Scientific Research,False,Scientific Research × Software Engineering
strongreject,swesmith,-0.507726406770787,0.507726406770787,Safety & Security,Software Engineering,False,Safety & Security × Software Engineering
crustbench,labbench,0.507726406770787,0.507726406770787,Software Engineering,Scientific Research,False,Scientific Research × Software Engineering
sldbench,swebench-verified,0.5073768387759527,0.5073768387759527,Scientific Research,Software Engineering,False,Scientific Research × Software Engineering
aime,strongreject,-0.5070282197206015,0.5070282197206015,Mathematics & Reasoning,Safety & Security,False,Mathematics & Reasoning × Safety & Security
gaia,research-code-bench,0.5062743035836429,0.5062743035836429,"Agents, Tools & Systems",Scientific Research,False,"Agents, Tools & Systems × Scientific Research"
gaia,reasoning-gym,0.5062547360265238,0.5062547360265238,"Agents, Tools & Systems",Mathematics & Reasoning,False,"Agents, Tools & Systems × Mathematics & Reasoning"
featurebench-modal,research-code-bench,0.5059089714039995,0.5059089714039995,Software Engineering,Scientific Research,False,Scientific Research × Software Engineering
strongreject,swebenchpro,-0.5058823529411764,0.5058823529411764,Safety & Security,Software Engineering,False,Safety & Security × Software Engineering
livecodebench,reasoning-gym,0.5058823529411764,0.5058823529411764,Software Engineering,Mathematics & Reasoning,False,Mathematics & Reasoning × Software Engineering
pixiu,reasoning-gym,0.5058823529411764,0.5058823529411764,Professional Domains,Mathematics & Reasoning,False,Mathematics & Reasoning × Professional Domains
algotune,arc-agi-2,0.5047901149557178,0.5047901149557178,Software Engineering,Mathematics & Reasoning,False,Mathematics & Reasoning × Software Engineering
replicationbench,swesmith,0.5047901149557178,0.5047901149557178,Scientific Research,Software Engineering,False,Scientific Research × Software Engineering
bixbench,mmau,0.5040999568211307,0.5040999568211307,Scientific Research,Multimodal,False,Multimodal × Scientific Research
financeagent_terminal,swebench-multilingual,0.5040531950798701,0.5040531950798701,Professional Domains,Software Engineering,False,Professional Domains × Software Engineering
aider-polyglot,algotune,0.5033113945379976,0.5033113945379976,Software Engineering,Software Engineering,True,Software Engineering
bfcl,featurebench-modal,0.5029498525073747,0.5029498525073747,"Agents, Tools & Systems",Software Engineering,False,"Agents, Tools & Systems × Software Engineering"
gpqa-diamond,usaco,0.5029411764705882,0.5029411764705882,Knowledge & Long Context,Software Engineering,False,Knowledge & Long Context × Software Engineering
ineqmath,reasoning-gym,0.5025804470364235,0.5025804470364235,Mathematics & Reasoning,Mathematics & Reasoning,True,Mathematics & Reasoning
aa-lcr,qcircuitbench,0.5018397237937344,0.5018397237937344,Software Engineering,Scientific Research,False,Scientific Research × Software Engineering
hle,labbench,0.5,0.5,Knowledge & Long Context,Scientific Research,False,Knowledge & Long Context × Scientific Research
sldbench,strongreject,-0.5,0.5,Scientific Research,Safety & Security,False,Safety & Security × Scientific Research
arc-agi-2,reasoning-gym,0.49926416442836447,0.49926416442836447,Mathematics & Reasoning,Mathematics & Reasoning,True,Mathematics & Reasoning
bfcl,lawbench,0.49926416442836447,0.49926416442836447,"Agents, Tools & Systems",Professional Domains,False,"Agents, Tools & Systems × Professional Domains"
aa-lcr,ineqmath,0.49852561599477807,0.49852561599477807,Software Engineering,Mathematics & Reasoning,False,Mathematics & Reasoning × Software Engineering
simpleqa,spreadsheetbench,0.4974247115609449,0.4974247115609449,Knowledge & Long Context,Professional Domains,False,Knowledge & Long Context × Professional Domains
research-code-bench,swebenchpro,0.4970523100799305,0.4970523100799305,Scientific Research,Software Engineering,False,Scientific Research × Software Engineering
gaia2,mmau,0.4963181148748159,0.4963181148748159,"Agents, Tools & Systems",Multimodal,False,"Agents, Tools & Systems × Multimodal"
aime,swebench-multilingual,0.49445194292050626,0.49445194292050626,Mathematics & Reasoning,Software Engineering,False,Mathematics & Reasoning × Software Engineering
terminal-bench,usaco,0.49411764705882355,0.49411764705882355,"Agents, Tools & Systems",Software Engineering,False,"Agents, Tools & Systems × Software Engineering"
skillsbench,usaco,0.49411764705882355,0.49411764705882355,"Agents, Tools & Systems",Software Engineering,False,"Agents, Tools & Systems × Software Engineering"
omnimath,sldbench,0.49411764705882355,0.49411764705882355,Mathematics & Reasoning,Scientific Research,False,Mathematics & Reasoning × Scientific Research
gso,livecodebench,0.4933731418392392,0.4933731418392392,Software Engineering,Software Engineering,True,Software Engineering
crustbench,swesmith,0.49337260677466865,0.49337260677466865,Software Engineering,Software Engineering,True,Software Engineering
bfcl,deepsynth,0.4919003861919579,0.4919003861919579,"Agents, Tools & Systems","Agents, Tools & Systems",True,"Agents, Tools & Systems"
gaia2,simpleqa,0.49153802858389234,0.49153802858389234,"Agents, Tools & Systems",Knowledge & Long Context,False,"Agents, Tools & Systems × Knowledge & Long Context"
ineqmath,swebenchpro,0.49078970341093553,0.49078970341093553,Mathematics & Reasoning,Software Engineering,False,Mathematics & Reasoning × Software Engineering
simpleqa,swebench-multilingual,0.4904276305446766,0.4904276305446766,Knowledge & Long Context,Software Engineering,False,Knowledge & Long Context × Software Engineering
skillsbench,swesmith,0.49006635783962915,0.49006635783962915,"Agents, Tools & Systems",Software Engineering,False,"Agents, Tools & Systems × Software Engineering"
bfcl,gpqa-diamond,0.4889548748973953,0.4889548748973953,"Agents, Tools & Systems",Knowledge & Long Context,False,"Agents, Tools & Systems × Knowledge & Long Context"
financeagent_terminal,ineqmath,0.4889385849179554,0.4889385849179554,Professional Domains,Mathematics & Reasoning,False,Mathematics & Reasoning × Professional Domains
aa-lcr,sldbench,0.4871230163511029,0.4871230163511029,Software Engineering,Scientific Research,False,Scientific Research × Software Engineering
algotune,quixbugs,0.4870860646723095,0.4870860646723095,Software Engineering,Software Engineering,True,Software Engineering
kumo,reasoning-gym,0.4863023054600793,0.4863023054600793,Mathematics & Reasoning,Mathematics & Reasoning,True,Mathematics & Reasoning
aider-polyglot,bfcl,0.48600936360283264,0.48600936360283264,Software Engineering,"Agents, Tools & Systems",False,"Agents, Tools & Systems × Software Engineering"
algotune,crustbench,0.4852724594992636,0.4852724594992636,Software Engineering,Software Engineering,True,Software Engineering
cybergym,widesearch,0.4844244213095967,0.4844244213095967,"Agents, Tools & Systems","Agents, Tools & Systems",True,"Agents, Tools & Systems"
pixiu,swesmith,0.48417967486257657,0.48417967486257657,Professional Domains,Software Engineering,False,Professional Domains × Software Engineering
financeagent_terminal,simpleqa,0.48417967486257657,0.48417967486257657,Professional Domains,Knowledge & Long Context,False,Knowledge & Long Context × Professional Domains
mmau,swebench-multilingual,0.48341943855613273,0.48341943855613273,Multimodal,Software Engineering,False,Multimodal × Software Engineering
scicode,usaco,0.4823529411764706,0.4823529411764706,Scientific Research,Software Engineering,False,Scientific Research × Software Engineering
aime,cybergym,0.4817093457880232,0.4817093457880232,Mathematics & Reasoning,"Agents, Tools & Systems",False,"Agents, Tools & Systems × Mathematics & Reasoning"
aa-lcr,usaco,0.48123633337405025,0.48123633337405025,Software Engineering,Software Engineering,True,Software Engineering
aa-lcr,swebench-multilingual,0.48120867892858943,0.48120867892858943,Software Engineering,Software Engineering,True,Software Engineering
mmmlu,quixbugs,0.47928994082840237,0.47928994082840237,Knowledge & Long Context,Software Engineering,False,Knowledge & Long Context × Software Engineering
quixbugs,swesmith,0.4789679635944377,0.4789679635944377,Software Engineering,Software Engineering,True,Software Engineering
reasoning-gym,swebench-multilingual,0.4786455853664261,0.4786455853664261,Mathematics & Reasoning,Software Engineering,False,Mathematics & Reasoning × Software Engineering
arc-agi-2,bfcl,0.4786135693215339,0.4786135693215339,Mathematics & Reasoning,"Agents, Tools & Systems",False,"Agents, Tools & Systems × Mathematics & Reasoning"
reasoning-gym,swesmith,0.4768213211412608,0.4768213211412608,Mathematics & Reasoning,Software Engineering,False,Mathematics & Reasoning × Software Engineering
aider-polyglot,labbench,0.4764705882352941,0.4764705882352941,Software Engineering,Scientific Research,False,Scientific Research × Software Engineering
compilebench,omnimath,0.4762799998455803,0.4762799998455803,Software Engineering,Mathematics & Reasoning,False,Mathematics & Reasoning × Software Engineering
bfcl,bixbench,0.4762389978774188,0.4762389978774188,"Agents, Tools & Systems",Scientific Research,False,"Agents, Tools & Systems × Scientific Research"
gaia2,seal0,0.47569955817378495,0.47569955817378495,"Agents, Tools & Systems","Agents, Tools & Systems",True,"Agents, Tools & Systems"
gso,sldbench,0.47422731842458216,0.47422731842458216,Software Engineering,Scientific Research,False,Scientific Research × Software Engineering
simpleqa,swtbench,0.47422731842458216,0.47422731842458216,Knowledge & Long Context,Software Engineering,False,Knowledge & Long Context × Software Engineering
bfcl,swesmith,0.4738394801701118,0.4738394801701118,"Agents, Tools & Systems",Software Engineering,False,"Agents, Tools & Systems × Software Engineering"
labbench,widesearch,0.47352941176470587,0.47352941176470587,Scientific Research,"Agents, Tools & Systems",False,"Agents, Tools & Systems × Scientific Research"
qcircuitbench,simpleqa,0.47352941176470587,0.47352941176470587,Scientific Research,Knowledge & Long Context,False,Knowledge & Long Context × Scientific Research
lawbench,simpleqa,0.47352941176470587,0.47352941176470587,Professional Domains,Knowledge & Long Context,False,Knowledge & Long Context × Professional Domains
humanevalfix,usaco,0.4724504331299802,0.4724504331299802,Software Engineering,Software Engineering,True,Software Engineering
bfcl,terminal-bench,0.47128180713001955,0.47128180713001955,"Agents, Tools & Systems","Agents, Tools & Systems",True,"Agents, Tools & Systems"
bigcodebench,sldbench,0.47058823529411764,0.47058823529411764,Software Engineering,Scientific Research,False,Scientific Research × Software Engineering
omnimath,swebench-multilingual,0.4698090514827382,0.4698090514827382,Mathematics & Reasoning,Software Engineering,False,Mathematics & Reasoning × Software Engineering
bfcl,financeagent_terminal,0.4694179609150252,0.4694179609150252,"Agents, Tools & Systems",Professional Domains,False,"Agents, Tools & Systems × Professional Domains"
livecodebench,spider2,0.4676470588235294,0.4676470588235294,Software Engineering,Data & Analytics,False,Data & Analytics × Software Engineering
bfcl,humanevalfix,0.4670019865666817,0.4670019865666817,"Agents, Tools & Systems",Software Engineering,False,"Agents, Tools & Systems × Software Engineering"
gaia,qcircuitbench,0.46651962593141877,0.46651962593141877,"Agents, Tools & Systems",Scientific Research,False,"Agents, Tools & Systems × Scientific Research"
financeagent_terminal,livecodebench,0.46651962593141877,0.46651962593141877,Professional Domains,Software Engineering,False,Professional Domains × Software Engineering
hle,mmmlu,0.4660787239918636,0.4660787239918636,Knowledge & Long Context,Knowledge & Long Context,True,Knowledge & Long Context
cybergym,featurebench-modal,0.4657923762353759,0.4657923762353759,"Agents, Tools & Systems",Software Engineering,False,"Agents, Tools & Systems × Software Engineering"
research-code-bench,widesearch,0.46460379132100327,0.46460379132100327,Scientific Research,"Agents, Tools & Systems",False,"Agents, Tools & Systems × Scientific Research"
gaia,mmau,0.4639175257731959,0.4639175257731959,"Agents, Tools & Systems",Multimodal,False,"Agents, Tools & Systems × Multimodal"
reasoning-gym,spreadsheetbench,0.46357628444289245,0.46357628444289245,Mathematics & Reasoning,Professional Domains,False,Mathematics & Reasoning × Professional Domains
mmau,swesmith,0.4631811487481591,0.4631811487481591,Multimodal,Software Engineering,False,Multimodal × Software Engineering
bixbench,reasoning-gym,0.4629263549900967,0.4629263549900967,Scientific Research,Mathematics & Reasoning,False,Mathematics & Reasoning × Scientific Research
aa-lcr,labbench,0.46063294295436613,0.46063294295436613,Software Engineering,Scientific Research,False,Scientific Research × Software Engineering
quixbugs,simpleqa,0.46017899330842227,0.46017899330842227,Software Engineering,Knowledge & Long Context,False,Knowledge & Long Context × Software Engineering
compilebench,mmmlu,0.4598295747174006,0.4598295747174006,Software Engineering,Knowledge & Long Context,False,Knowledge & Long Context × Software Engineering
bigcodebench,livecodebench,0.4588235294117647,0.4588235294117647,Software Engineering,Software Engineering,True,Software Engineering
reasoning-gym,seal0,0.45768960146583987,0.45768960146583987,Mathematics & Reasoning,"Agents, Tools & Systems",False,"Agents, Tools & Systems × Mathematics & Reasoning"
gaia,swebench-verified,0.45313764198302736,0.45313764198302736,"Agents, Tools & Systems",Software Engineering,False,"Agents, Tools & Systems × Software Engineering"
bfcl,omnimath,0.4521359837153625,0.4521359837153625,"Agents, Tools & Systems",Mathematics & Reasoning,False,"Agents, Tools & Systems × Mathematics & Reasoning"
kumo,mmau,0.4510509870979564,0.4510509870979564,Mathematics & Reasoning,Multimodal,False,Mathematics & Reasoning × Multimodal
cybergym,quixbugs,0.45008701154658237,0.45008701154658237,"Agents, Tools & Systems",Software Engineering,False,"Agents, Tools & Systems × Software Engineering"
sldbench,spider2,0.45,0.45,Scientific Research,Data & Analytics,False,Data & Analytics × Scientific Research
bfcl,kumo,0.4498986838689945,0.4498986838689945,"Agents, Tools & Systems",Mathematics & Reasoning,False,"Agents, Tools & Systems × Mathematics & Reasoning"
algotune,ineqmath,0.44985299668167844,0.44985299668167844,Software Engineering,Mathematics & Reasoning,False,Mathematics & Reasoning × Software Engineering
aime,compilebench,0.44966755521744145,0.44966755521744145,Mathematics & Reasoning,Software Engineering,False,Mathematics & Reasoning × Software Engineering
reasoning-gym,replicationbench,0.4491904724207999,0.4491904724207999,Mathematics & Reasoning,Scientific Research,False,Mathematics & Reasoning × Scientific Research
mmau,seal0,0.4491899852724595,0.4491899852724595,Multimodal,"Agents, Tools & Systems",False,"Agents, Tools & Systems × Multimodal"
gso,mmau,0.44878420439128786,0.44878420439128786,Software Engineering,Multimodal,False,Multimodal × Software Engineering
gaia2,sldbench,0.4473879062559978,0.4473879062559978,"Agents, Tools & Systems",Scientific Research,False,"Agents, Tools & Systems × Scientific Research"
labbench,omnimath,0.4470588235294118,0.4470588235294118,Scientific Research,Mathematics & Reasoning,False,Mathematics & Reasoning × Scientific Research
bfcl,hle,0.44624496112623724,0.44624496112623724,"Agents, Tools & Systems",Knowledge & Long Context,False,"Agents, Tools & Systems × Knowledge & Long Context"
bixbench,research-code-bench,0.44494835870712873,0.44494835870712873,Scientific Research,Scientific Research,True,Scientific Research
scicode,simpleqa,0.4441176470588235,0.4441176470588235,Scientific Research,Knowledge & Long Context,False,Knowledge & Long Context × Scientific Research
omnimath,usaco,0.4441176470588235,0.4441176470588235,Mathematics & Reasoning,Software Engineering,False,Mathematics & Reasoning × Software Engineering
quixbugs,reasoning-gym,0.4439547339289587,0.4439547339289587,Software Engineering,Mathematics & Reasoning,False,Mathematics & Reasoning × Software Engineering
mmmlu,swebenchpro,0.4424798012580984,0.4424798012580984,Knowledge & Long Context,Software Engineering,False,Knowledge & Long Context × Software Engineering
featurebench-modal,strongreject,-0.44182669418439335,0.44182669418439335,Software Engineering,Safety & Security,False,Safety & Security × Software Engineering
algotune,pixiu,0.4415012232789452,0.4415012232789452,Software Engineering,Professional Domains,False,Professional Domains × Software Engineering
cybergym,usaco,0.4413314513157982,0.4413314513157982,"Agents, Tools & Systems",Software Engineering,False,"Agents, Tools & Systems × Software Engineering"
bigcodebench,omnimath,0.4411764705882353,0.4411764705882353,Software Engineering,Mathematics & Reasoning,False,Mathematics & Reasoning × Software Engineering
labbench,swe-lancer,0.4411764705882353,0.4411764705882353,Scientific Research,Software Engineering,False,Scientific Research × Software Engineering
bigcodebench,seal0,0.44002955253468207,0.44002955253468207,Software Engineering,"Agents, Tools & Systems",False,"Agents, Tools & Systems × Software Engineering"
bigcodebench,codepde,0.43901920597802574,0.43901920597802574,Software Engineering,Scientific Research,False,Scientific Research × Software Engineering
replicationbench,strongreject,-0.4388811828898307,0.4388811828898307,Scientific Research,Safety & Security,False,Safety & Security × Scientific Research
aa-lcr,strongreject,-0.4385578817904189,0.4385578817904189,Software Engineering,Safety & Security,False,Safety & Security × Software Engineering
bigcodebench,gaia,0.43708621104615575,0.43708621104615575,Software Engineering,"Agents, Tools & Systems",False,"Agents, Tools & Systems × Software Engineering"
financeagent_terminal,research-code-bench,0.43616343063838625,0.43616343063838625,Professional Domains,Scientific Research,False,Professional Domains × Scientific Research
compilebench,research-code-bench,0.4360196291009656,0.4360196291009656,Software Engineering,Scientific Research,False,Scientific Research × Software Engineering
labbench,usaco,0.43529411764705883,0.43529411764705883,Scientific Research,Software Engineering,False,Scientific Research × Software Engineering
strongreject,widesearch,-0.43529411764705883,0.43529411764705883,Safety & Security,"Agents, Tools & Systems",False,"Agents, Tools & Systems × Safety & Security"
arc-agi-2,usaco,0.43446291594798675,0.43446291594798675,Mathematics & Reasoning,Software Engineering,False,Mathematics & Reasoning × Software Engineering
gso,mmmlu,0.43426930684022147,0.43426930684022147,Software Engineering,Knowledge & Long Context,False,Knowledge & Long Context × Software Engineering
algotune,omnimath,0.43414286955762943,0.43414286955762943,Software Engineering,Mathematics & Reasoning,False,Mathematics & Reasoning × Software Engineering
cybergym,gso,0.43379705326713125,0.43379705326713125,"Agents, Tools & Systems",Software Engineering,False,"Agents, Tools & Systems × Software Engineering"
swebench-multilingual,usaco,0.4329901603007055,0.4329901603007055,Software Engineering,Software Engineering,True,Software Engineering
sldbench,swesmith,0.4326711988133663,0.4326711988133663,Scientific Research,Software Engineering,False,Scientific Research × Software Engineering
gaia,pixiu,0.4326711988133663,0.4326711988133663,"Agents, Tools & Systems",Professional Domains,False,"Agents, Tools & Systems × Professional Domains"
aa-lcr,bfcl,0.43257196712263707,0.43257196712263707,Software Engineering,"Agents, Tools & Systems",False,"Agents, Tools & Systems × Software Engineering"
reasoning-gym,spider2,0.4323529411764706,0.4323529411764706,Mathematics & Reasoning,Data & Analytics,False,Data & Analytics × Mathematics & Reasoning
scicode,strongreject,-0.4323529411764706,0.4323529411764706,Scientific Research,Safety & Security,False,Safety & Security × Scientific Research
livecodebench,swesmith,0.42825618658057685,0.42825618658057685,Software Engineering,Software Engineering,True,Software Engineering
financeagent_terminal,mmmlu,0.42656931118271957,0.42656931118271957,Professional Domains,Knowledge & Long Context,False,Knowledge & Long Context × Professional Domains
usaco,widesearch,0.4264705882352941,0.4264705882352941,Software Engineering,"Agents, Tools & Systems",False,"Agents, Tools & Systems × Software Engineering"
cybergym,dacode,0.4249858420078057,0.4249858420078057,"Agents, Tools & Systems",Data & Analytics,False,"Agents, Tools & Systems × Data & Analytics"
kumo,usaco,0.42254925931744697,0.42254925931744697,Mathematics & Reasoning,Software Engineering,False,Mathematics & Reasoning × Software Engineering
aa-lcr,algotune,0.4212076583210604,0.4212076583210604,Software Engineering,Software Engineering,True,Software Engineering
arc-agi-2,mmmlu,0.4194982419817105,0.4194982419817105,Mathematics & Reasoning,Knowledge & Long Context,False,Knowledge & Long Context × Mathematics & Reasoning
gaia,labbench,0.41942616211499795,0.41942616211499795,"Agents, Tools & Systems",Scientific Research,False,"Agents, Tools & Systems × Scientific Research"
algotune,kumo,0.41915099952359436,0.41915099952359436,Software Engineering,Mathematics & Reasoning,False,Mathematics & Reasoning × Software Engineering
bfcl,pixiu,0.4182626038278924,0.4182626038278924,"Agents, Tools & Systems",Professional Domains,False,"Agents, Tools & Systems × Professional Domains"
deepsynth,usaco,0.4176470588235294,0.4176470588235294,"Agents, Tools & Systems",Software Engineering,False,"Agents, Tools & Systems × Software Engineering"
reasoning-gym,strongreject,-0.4176470588235294,0.4176470588235294,Mathematics & Reasoning,Safety & Security,False,Mathematics & Reasoning × Safety & Security
algotune,swebench-multilingual,0.4163597298539862,0.4163597298539862,Software Engineering,Software Engineering,True,Software Engineering
cybergym,swesmith,0.4141457393525978,0.4141457393525978,"Agents, Tools & Systems",Software Engineering,False,"Agents, Tools & Systems × Software Engineering"
aime,ineqmath,0.41407589169514625,0.41407589169514625,Mathematics & Reasoning,Mathematics & Reasoning,True,Mathematics & Reasoning
bfcl,skillsbench,0.41384433688604844,0.41384433688604844,"Agents, Tools & Systems","Agents, Tools & Systems",True,"Agents, Tools & Systems"
mmmlu,omnimath,0.4129811478408918,0.4129811478408918,Knowledge & Long Context,Mathematics & Reasoning,False,Knowledge & Long Context × Mathematics & Reasoning
lawbench,usaco,0.4117647058823529,0.4117647058823529,Professional Domains,Software Engineering,False,Professional Domains × Software Engineering
research-code-bench,spider2,0.4115062151700315,0.4115062151700315,Scientific Research,Data & Analytics,False,Data & Analytics × Scientific Research
gpqa-diamond,mmmlu,0.41003128249917115,0.41003128249917115,Knowledge & Long Context,Knowledge & Long Context,True,Knowledge & Long Context
algotune,bixbench,0.40981321968374695,0.40981321968374695,Software Engineering,Scientific Research,False,Scientific Research × Software Engineering
compilebench,gaia,0.40981321968374695,0.40981321968374695,Software Engineering,"Agents, Tools & Systems",False,"Agents, Tools & Systems × Software Engineering"
bfcl,medagentbench,0.40795331429692316,0.40795331429692316,"Agents, Tools & Systems",Professional Domains,False,"Agents, Tools & Systems × Professional Domains"
gpqa-diamond,ineqmath,0.406780655079334,0.406780655079334,Knowledge & Long Context,Mathematics & Reasoning,False,Knowledge & Long Context × Mathematics & Reasoning
gaia2,research-code-bench,0.40590505389359127,0.40590505389359127,"Agents, Tools & Systems",Scientific Research,False,"Agents, Tools & Systems × Scientific Research"
cybergym,swebenchpro,0.4056683037347236,0.4056683037347236,"Agents, Tools & Systems",Software Engineering,False,"Agents, Tools & Systems × Software Engineering"
bfcl,swebenchpro,0.40500780300236056,0.40500780300236056,"Agents, Tools & Systems",Software Engineering,False,"Agents, Tools & Systems × Software Engineering"
reasoning-gym,skillsbench,0.40294117647058825,0.40294117647058825,Mathematics & Reasoning,"Agents, Tools & Systems",False,"Agents, Tools & Systems × Mathematics & Reasoning"
swebenchpro,usaco,0.40294117647058825,0.40294117647058825,Software Engineering,Software Engineering,True,Software Engineering
ineqmath,medagentbench,0.40088528326659,0.40088528326659,Mathematics & Reasoning,Professional Domains,False,Mathematics & Reasoning × Professional Domains
compilebench,reasoning-gym,0.3991256073472308,0.3991256073472308,Software Engineering,Mathematics & Reasoning,False,Mathematics & Reasoning × Software Engineering
mmau,sldbench,0.3988227716953138,0.3988227716953138,Multimodal,Scientific Research,False,Multimodal × Scientific Research
compilebench,swesmith,0.3986769908879929,0.3986769908879929,Software Engineering,Software Engineering,True,Software Engineering
deepsynth,mmmlu,0.3982318211322885,0.3982318211322885,"Agents, Tools & Systems",Knowledge & Long Context,False,"Agents, Tools & Systems × Knowledge & Long Context"
quixbugs,research-code-bench,0.3979289940828402,0.3979289940828402,Software Engineering,Scientific Research,False,Scientific Research × Software Engineering
bfcl,scicode,0.397644024765954,0.397644024765954,"Agents, Tools & Systems",Scientific Research,False,"Agents, Tools & Systems × Scientific Research"
cybergym,strongreject,-0.39675251683945495,0.39675251683945495,"Agents, Tools & Systems",Safety & Security,False,"Agents, Tools & Systems × Safety & Security"
featurebench-modal,mmmlu,0.39586453820809303,0.39586453820809303,Software Engineering,Knowledge & Long Context,False,Knowledge & Long Context × Software Engineering
financeagent_terminal,sldbench,0.3944077594625244,0.3944077594625244,Professional Domains,Scientific Research,False,Professional Domains × Scientific Research
bfcl,swebench-multilingual,0.3938053097345133,0.3938053097345133,"Agents, Tools & Systems",Software Engineering,False,"Agents, Tools & Systems × Software Engineering"
livecodebench,mmmlu,0.3923320904488472,0.3923320904488472,Software Engineering,Knowledge & Long Context,False,Knowledge & Long Context × Software Engineering
bfcl,replicationbench,0.39233038348082594,0.39233038348082594,"Agents, Tools & Systems",Scientific Research,False,"Agents, Tools & Systems × Scientific Research"
cybergym,gaia,0.39183986470165,0.39183986470165,"Agents, Tools & Systems","Agents, Tools & Systems",True,"Agents, Tools & Systems"
ineqmath,omnimath,0.39056838259428805,0.39056838259428805,Mathematics & Reasoning,Mathematics & Reasoning,True,Mathematics & Reasoning
cybergym,reasoning-gym,0.38932269442673106,0.38932269442673106,"Agents, Tools & Systems",Mathematics & Reasoning,False,"Agents, Tools & Systems × Mathematics & Reasoning"
deepsynth,research-code-bench,0.3879072924362662,0.3879072924362662,"Agents, Tools & Systems",Scientific Research,False,"Agents, Tools & Systems × Scientific Research"
kumo,mmmlu,0.3866223365135295,0.3866223365135295,Mathematics & Reasoning,Knowledge & Long Context,False,Knowledge & Long Context × Mathematics & Reasoning
arc-agi-2,research-code-bench,0.38552479280713536,0.38552479280713536,Mathematics & Reasoning,Scientific Research,False,Mathematics & Reasoning × Scientific Research
bfcl,strongreject,-0.3843892239404222,0.3843892239404222,"Agents, Tools & Systems",Safety & Security,False,"Agents, Tools & Systems × Safety & Security"
simpleqa,usaco,0.38235294117647056,0.38235294117647056,Knowledge & Long Context,Software Engineering,False,Knowledge & Long Context × Software Engineering
labbench,terminal-bench,0.38235294117647056,0.38235294117647056,Scientific Research,"Agents, Tools & Systems",False,"Agents, Tools & Systems × Scientific Research"
aime,sldbench,0.3813798270784699,0.3813798270784699,Mathematics & Reasoning,Scientific Research,False,Mathematics & Reasoning × Scientific Research
algotune,strongreject,-0.381162722764156,0.381162722764156,Software Engineering,Safety & Security,False,Safety & Security × Software Engineering
gaia2,reasoning-gym,0.3796910520198929,0.3796910520198929,"Agents, Tools & Systems",Mathematics & Reasoning,False,"Agents, Tools & Systems × Mathematics & Reasoning"
deepsynth,labbench,0.37941176470588234,0.37941176470588234,"Agents, Tools & Systems",Scientific Research,False,"Agents, Tools & Systems × Scientific Research"
gpqa-diamond,labbench,0.37941176470588234,0.37941176470588234,Knowledge & Long Context,Scientific Research,False,Knowledge & Long Context × Scientific Research
gaia2,livecodebench,0.3782193812756297,0.3782193812756297,"Agents, Tools & Systems",Software Engineering,False,"Agents, Tools & Systems × Software Engineering"
algotune,replicationbench,0.37803989630990253,0.37803989630990253,Software Engineering,Scientific Research,False,Scientific Research × Software Engineering
kumo,research-code-bench,0.3777002825939865,0.3777002825939865,Mathematics & Reasoning,Scientific Research,False,Mathematics & Reasoning × Scientific Research
algotune,bfcl,0.3758291366823593,0.3758291366823593,Software Engineering,"Agents, Tools & Systems",False,"Agents, Tools & Systems × Software Engineering"
aime,mmmlu,0.3750935887623077,0.3750935887623077,Mathematics & Reasoning,Knowledge & Long Context,False,Knowledge & Long Context × Mathematics & Reasoning
crustbench,research-code-bench,0.3741706587710014,0.3741706587710014,Software Engineering,Scientific Research,False,Scientific Research × Software Engineering
research-code-bench,terminal-bench,0.36430836970250097,0.36430836970250097,Scientific Research,"Agents, Tools & Systems",False,"Agents, Tools & Systems × Scientific Research"
ineqmath,sldbench,0.3640392094369402,0.3640392094369402,Mathematics & Reasoning,Scientific Research,False,Mathematics & Reasoning × Scientific Research
gaia,usaco,0.36203100308873504,0.36203100308873504,"Agents, Tools & Systems",Software Engineering,False,"Agents, Tools & Systems × Software Engineering"
algotune,codepde,0.3611543216714458,0.3611543216714458,Software Engineering,Scientific Research,False,Scientific Research × Software Engineering
mmmlu,swe-lancer,0.35988357168992,0.35988357168992,Knowledge & Long Context,Software Engineering,False,Knowledge & Long Context × Software Engineering
labbench,medagentbench,0.3558823529411765,0.3558823529411765,Scientific Research,Professional Domains,False,Professional Domains × Scientific Research
cybergym,swtbench,0.35492486176401644,0.35492486176401644,"Agents, Tools & Systems",Software Engineering,False,"Agents, Tools & Systems × Software Engineering"
mmau,strongreject,-0.3546726493674193,0.3546726493674193,Multimodal,Safety & Security,False,Multimodal × Safety & Security
crustbench,strongreject,-0.34731429564610355,0.34731429564610355,Software Engineering,Safety & Security,False,Safety & Security × Software Engineering
featurebench-modal,labbench,0.3446248214638268,0.3446248214638268,Software Engineering,Scientific Research,False,Scientific Research × Software Engineering
medagentbench,strongreject,-0.34411764705882353,0.34411764705882353,Professional Domains,Safety & Security,False,Professional Domains × Safety & Security
cybergym,spreadsheetbench,0.3435104696245964,0.3435104696245964,"Agents, Tools & Systems",Professional Domains,False,"Agents, Tools & Systems × Professional Domains"
codepde,mmmlu,-0.3403121535789306,0.3403121535789306,Scientific Research,Knowledge & Long Context,False,Knowledge & Long Context × Scientific Research
cybergym,spider2,0.3402858665027535,0.3402858665027535,"Agents, Tools & Systems",Data & Analytics,False,"Agents, Tools & Systems × Data & Analytics"
bfcl,widesearch,0.34020655452198284,0.34020655452198284,"Agents, Tools & Systems","Agents, Tools & Systems",True,"Agents, Tools & Systems"
research-code-bench,spreadsheetbench,0.3387462177039243,0.3387462177039243,Scientific Research,Professional Domains,False,Professional Domains × Scientific Research
bfcl,crustbench,0.3367723832624278,0.3367723832624278,"Agents, Tools & Systems",Software Engineering,False,"Agents, Tools & Systems × Software Engineering"
swebench-verified,usaco,0.33628464895615473,0.33628464895615473,Software Engineering,Software Engineering,True,Software Engineering
medagentbench,usaco,0.3352941176470588,0.3352941176470588,Professional Domains,Software Engineering,False,Professional Domains × Software Engineering
simpleqa,strongreject,-0.3352941176470588,0.3352941176470588,Knowledge & Long Context,Safety & Security,False,Knowledge & Long Context × Safety & Security
mmmlu,pixiu,0.3333347836144341,0.3333347836144341,Knowledge & Long Context,Professional Domains,False,Knowledge & Long Context × Professional Domains
aime,usaco,0.3311204700216173,0.3311204700216173,Mathematics & Reasoning,Software Engineering,False,Mathematics & Reasoning × Software Engineering
mmmlu,swtbench,0.3293947463447938,0.3293947463447938,Knowledge & Long Context,Software Engineering,False,Knowledge & Long Context × Software Engineering
aime,labbench,0.32816403725356713,0.32816403725356713,Mathematics & Reasoning,Scientific Research,False,Mathematics & Reasoning × Scientific Research
algotune,sldbench,0.32671090522641943,0.32671090522641943,Software Engineering,Scientific Research,False,Scientific Research × Software Engineering
gaia,swebench-multilingual,0.32645550500055914,0.32645550500055914,"Agents, Tools & Systems",Software Engineering,False,"Agents, Tools & Systems × Software Engineering"
livecodebench,research-code-bench,0.32596012026013244,0.32596012026013244,Software Engineering,Scientific Research,False,Scientific Research × Software Engineering
mmmlu,spider2,0.32448518758927214,0.32448518758927214,Knowledge & Long Context,Data & Analytics,False,Data & Analytics × Knowledge & Long Context
labbench,scicode,0.3235294117647059,0.3235294117647059,Scientific Research,Scientific Research,True,Scientific Research
deepsynth,ineqmath,0.32277160674773236,0.32277160674773236,"Agents, Tools & Systems",Mathematics & Reasoning,False,"Agents, Tools & Systems × Mathematics & Reasoning"
mmmlu,terminal-bench,0.3215353222475515,0.3215353222475515,Knowledge & Long Context,"Agents, Tools & Systems",False,"Agents, Tools & Systems × Knowledge & Long Context"
humanevalfix,research-code-bench,0.32076923076923075,0.32076923076923075,Software Engineering,Scientific Research,False,Scientific Research × Software Engineering
algotune,compilebench,0.31998097406466475,0.31998097406466475,Software Engineering,Software Engineering,True,Software Engineering
humanevalfix,labbench,0.31905743536050607,0.31905743536050607,Software Engineering,Scientific Research,False,Scientific Research × Software Engineering
hle,research-code-bench,0.31858545690583084,0.31858545690583084,Knowledge & Long Context,Scientific Research,False,Knowledge & Long Context × Scientific Research
reasoning-gym,simpleqa,0.3176470588235294,0.3176470588235294,Mathematics & Reasoning,Knowledge & Long Context,False,Knowledge & Long Context × Mathematics & Reasoning
aime,research-code-bench,0.31727283792543026,0.31727283792543026,Mathematics & Reasoning,Scientific Research,False,Mathematics & Reasoning × Scientific Research
bfcl,cybergym,0.31697692056912163,0.31697692056912163,"Agents, Tools & Systems","Agents, Tools & Systems",True,"Agents, Tools & Systems"
gaia2,mmmlu,0.31586793284810377,0.31586793284810377,"Agents, Tools & Systems",Knowledge & Long Context,False,"Agents, Tools & Systems × Knowledge & Long Context"
cybergym,financeagent_terminal,0.31228224511326946,0.31228224511326946,"Agents, Tools & Systems",Professional Domains,False,"Agents, Tools & Systems × Professional Domains"
ineqmath,simpleqa,0.30950702016905846,0.30950702016905846,Mathematics & Reasoning,Knowledge & Long Context,False,Knowledge & Long Context × Mathematics & Reasoning
aider-polyglot,mmmlu,0.3067859955389482,0.3067859955389482,Software Engineering,Knowledge & Long Context,False,Knowledge & Long Context × Software Engineering
aider-polyglot,research-code-bench,0.30531106286808785,0.30531106286808785,Software Engineering,Scientific Research,False,Scientific Research × Software Engineering
bfcl,qcircuitbench,0.3048604189872314,0.3048604189872314,"Agents, Tools & Systems",Scientific Research,False,"Agents, Tools & Systems × Scientific Research"
labbench,quixbugs,0.30383613019722755,0.30383613019722755,Scientific Research,Software Engineering,False,Scientific Research × Software Engineering
gso,reasoning-gym,0.3033876633399501,0.3033876633399501,Software Engineering,Mathematics & Reasoning,False,Mathematics & Reasoning × Software Engineering
algotune,seal0,0.30338733431516934,0.30338733431516934,Software Engineering,"Agents, Tools & Systems",False,"Agents, Tools & Systems × Software Engineering"
bigcodebench,cybergym,0.3031367544391341,0.3031367544391341,Software Engineering,"Agents, Tools & Systems",False,"Agents, Tools & Systems × Software Engineering"
research-code-bench,swe-lancer,0.3023611975263672,0.3023611975263672,Scientific Research,Software Engineering,False,Scientific Research × Software Engineering
bfcl,gaia,0.30213714909758294,0.30213714909758294,"Agents, Tools & Systems","Agents, Tools & Systems",True,"Agents, Tools & Systems"
ineqmath,mmau,0.30162274695542046,0.30162274695542046,Mathematics & Reasoning,Multimodal,False,Mathematics & Reasoning × Multimodal
labbench,sldbench,0.29705882352941176,0.29705882352941176,Scientific Research,Scientific Research,True,Scientific Research
cybergym,gaia2,0.29666813285760596,0.29666813285760596,"Agents, Tools & Systems","Agents, Tools & Systems",True,"Agents, Tools & Systems"
humanevalfix,ineqmath,0.29593504017927386,0.29593504017927386,Software Engineering,Mathematics & Reasoning,False,Mathematics & Reasoning × Software Engineering
gaia,strongreject,-0.2958058195968933,0.2958058195968933,"Agents, Tools & Systems",Safety & Security,False,"Agents, Tools & Systems × Safety & Security"
financeagent_terminal,usaco,0.2958058195968933,0.2958058195968933,Professional Domains,Software Engineering,False,Professional Domains × Software Engineering
labbench,swtbench,0.2945511294562622,0.2945511294562622,Scientific Research,Software Engineering,False,Scientific Research × Software Engineering
ineqmath,widesearch,0.2903470617776405,0.2903470617776405,Mathematics & Reasoning,"Agents, Tools & Systems",False,"Agents, Tools & Systems × Mathematics & Reasoning"
bigcodebench,simpleqa,0.28823529411764703,0.28823529411764703,Software Engineering,Knowledge & Long Context,False,Knowledge & Long Context × Software Engineering
bfcl,quixbugs,0.2880357647409632,0.2880357647409632,"Agents, Tools & Systems",Software Engineering,False,"Agents, Tools & Systems × Software Engineering"
codepde,swtbench,0.2876460551573558,0.2876460551573558,Scientific Research,Software Engineering,False,Scientific Research × Software Engineering
codepde,scicode,0.28722273475850496,0.28722273475850496,Scientific Research,Scientific Research,True,Scientific Research
featurebench-modal,ineqmath,0.2870849490298303,0.2870849490298303,Software Engineering,Mathematics & Reasoning,False,Mathematics & Reasoning × Software Engineering
research-code-bench,swtbench,0.2865586582551121,0.2865586582551121,Scientific Research,Software Engineering,False,Scientific Research × Software Engineering
ineqmath,terminal-bench,0.2859255329180826,0.2859255329180826,Mathematics & Reasoning,"Agents, Tools & Systems",False,"Agents, Tools & Systems × Mathematics & Reasoning"
dacode,usaco,0.2852941176470588,0.2852941176470588,Data & Analytics,Software Engineering,False,Data & Analytics × Software Engineering
codepde,swebenchpro,0.27829353056912143,0.27829353056912143,Scientific Research,Software Engineering,False,Scientific Research × Software Engineering
codepde,humanevalfix,0.27786188820286717,0.27786188820286717,Scientific Research,Software Engineering,False,Scientific Research × Software Engineering
featurebench-modal,usaco,0.2768780616888865,0.2768780616888865,Software Engineering,Software Engineering,True,Software Engineering
bfcl,reasoning-gym,0.2754053060416052,0.2754053060416052,"Agents, Tools & Systems",Mathematics & Reasoning,False,"Agents, Tools & Systems × Mathematics & Reasoning"
cybergym,mmmlu,0.27422519908798393,0.27422519908798393,"Agents, Tools & Systems",Knowledge & Long Context,False,"Agents, Tools & Systems × Knowledge & Long Context"
ineqmath,seal0,0.27286165372495247,0.27286165372495247,Mathematics & Reasoning,"Agents, Tools & Systems",False,"Agents, Tools & Systems × Mathematics & Reasoning"
ineqmath,scicode,0.2726609463394086,0.2726609463394086,Mathematics & Reasoning,Scientific Research,False,Mathematics & Reasoning × Scientific Research
codepde,labbench,-0.2708525270779684,0.2708525270779684,Scientific Research,Scientific Research,True,Scientific Research
bigcodebench,research-code-bench,0.26991267876744,0.26991267876744,Software Engineering,Scientific Research,False,Scientific Research × Software Engineering
crustbench,mmmlu,0.2686353447586677,0.2686353447586677,Software Engineering,Knowledge & Long Context,False,Knowledge & Long Context × Software Engineering
bfcl,livecodebench,0.26804152780519863,0.26804152780519863,"Agents, Tools & Systems",Software Engineering,False,"Agents, Tools & Systems × Software Engineering"
bfcl,simpleqa,0.26804152780519863,0.26804152780519863,"Agents, Tools & Systems",Knowledge & Long Context,False,"Agents, Tools & Systems × Knowledge & Long Context"
labbench,swebench-verified,0.26253801541313837,0.26253801541313837,Scientific Research,Software Engineering,False,Scientific Research × Software Engineering
bfcl,mmau,0.2623434758018037,0.2623434758018037,"Agents, Tools & Systems",Multimodal,False,"Agents, Tools & Systems × Multimodal"
labbench,swebenchpro,0.26176470588235295,0.26176470588235295,Scientific Research,Software Engineering,False,Scientific Research × Software Engineering
hle,ineqmath,0.2593963597607347,0.2593963597607347,Knowledge & Long Context,Mathematics & Reasoning,False,Knowledge & Long Context × Mathematics & Reasoning
pixiu,research-code-bench,0.2566382847296971,0.2566382847296971,Professional Domains,Scientific Research,False,Professional Domains × Scientific Research
codepde,simpleqa,-0.2544823193974319,0.2544823193974319,Scientific Research,Knowledge & Long Context,False,Knowledge & Long Context × Scientific Research
ineqmath,usaco,0.25350098794799075,0.25350098794799075,Mathematics & Reasoning,Software Engineering,False,Mathematics & Reasoning × Software Engineering
medagentbench,mmmlu,0.2507385540462557,0.2507385540462557,Professional Domains,Knowledge & Long Context,False,Knowledge & Long Context × Professional Domains
mmmlu,spreadsheetbench,0.24944710584733426,0.24944710584733426,Knowledge & Long Context,Professional Domains,False,Knowledge & Long Context × Professional Domains
bigcodebench,ineqmath,0.24907945908843274,0.24907945908843274,Software Engineering,Mathematics & Reasoning,False,Mathematics & Reasoning × Software Engineering
ineqmath,quixbugs,0.24759799815198985,0.24759799815198985,Mathematics & Reasoning,Software Engineering,False,Mathematics & Reasoning × Software Engineering
humanevalfix,mmmlu,0.24615384615384617,0.24615384615384617,Software Engineering,Knowledge & Long Context,False,Knowledge & Long Context × Software Engineering
codepde,ineqmath,0.2453508281698455,0.2453508281698455,Scientific Research,Mathematics & Reasoning,False,Mathematics & Reasoning × Scientific Research
mmmlu,scicode,0.2389390926793731,0.2389390926793731,Knowledge & Long Context,Scientific Research,False,Knowledge & Long Context × Scientific Research
codepde,qcircuitbench,0.23811211171689534,0.23811211171689534,Scientific Research,Scientific Research,True,Scientific Research
codepde,crustbench,0.23381949897903914,0.23381949897903914,Scientific Research,Software Engineering,False,Scientific Research × Software Engineering
research-code-bench,swebench-verified,0.23372781065088757,0.23372781065088757,Scientific Research,Software Engineering,False,Scientific Research × Software Engineering
codepde,medagentbench,0.23215930892397293,0.23215930892397293,Scientific Research,Professional Domains,False,Professional Domains × Scientific Research
ineqmath,mmmlu,0.23207692961111884,0.23207692961111884,Mathematics & Reasoning,Knowledge & Long Context,False,Knowledge & Long Context × Mathematics & Reasoning
gaia2,ineqmath,0.23156367370171643,0.23156367370171643,"Agents, Tools & Systems",Mathematics & Reasoning,False,"Agents, Tools & Systems × Mathematics & Reasoning"
algotune,livecodebench,0.23105230684931466,0.23105230684931466,Software Engineering,Software Engineering,True,Software Engineering
omnimath,research-code-bench,0.2271396313124905,0.2271396313124905,Mathematics & Reasoning,Scientific Research,False,Mathematics & Reasoning × Scientific Research
bigcodebench,usaco,0.2235294117647059,0.2235294117647059,Software Engineering,Software Engineering,True,Software Engineering
codepde,lawbench,0.22174190403635877,0.22174190403635877,Scientific Research,Professional Domains,False,Professional Domains × Scientific Research
labbench,qcircuitbench,0.22058823529411764,0.22058823529411764,Scientific Research,Scientific Research,True,Scientific Research
labbench,lawbench,0.22058823529411764,0.22058823529411764,Scientific Research,Professional Domains,False,Professional Domains × Scientific Research
cybergym,research-code-bench,0.22057244274468274,0.22057244274468274,"Agents, Tools & Systems",Scientific Research,False,"Agents, Tools & Systems × Scientific Research"
crustbench,ineqmath,0.21976425083793472,0.21976425083793472,Software Engineering,Mathematics & Reasoning,False,Mathematics & Reasoning × Software Engineering
algotune,research-code-bench,0.21918872910253928,0.21918872910253928,Software Engineering,Scientific Research,False,Scientific Research × Software Engineering
bfcl,swtbench,0.2182890855457227,0.2182890855457227,"Agents, Tools & Systems",Software Engineering,False,"Agents, Tools & Systems × Software Engineering"
gso,ineqmath,0.21623622124868963,0.21623622124868963,Software Engineering,Mathematics & Reasoning,False,Mathematics & Reasoning × Software Engineering
dacode,research-code-bench,0.21386523727474754,0.21386523727474754,Data & Analytics,Scientific Research,False,Data & Analytics × Scientific Research
gpqa-diamond,research-code-bench,0.21386523727474754,0.21386523727474754,Knowledge & Long Context,Scientific Research,False,Knowledge & Long Context × Scientific Research
research-code-bench,swesmith,0.21180863721356488,0.21180863721356488,Scientific Research,Software Engineering,False,Scientific Research × Software Engineering
mmmlu,usaco,0.20944043926216654,0.20944043926216654,Knowledge & Long Context,Software Engineering,False,Knowledge & Long Context × Software Engineering
ineqmath,spider2,0.20928569935241095,0.20928569935241095,Mathematics & Reasoning,Data & Analytics,False,Data & Analytics × Mathematics & Reasoning
algotune,simpleqa,0.20897724568536738,0.20897724568536738,Software Engineering,Knowledge & Long Context,False,Knowledge & Long Context × Software Engineering
bfcl,seal0,0.2048637254856782,0.2048637254856782,"Agents, Tools & Systems","Agents, Tools & Systems",True,"Agents, Tools & Systems"
ineqmath,swtbench,0.20442809995183286,0.20442809995183286,Mathematics & Reasoning,Software Engineering,False,Mathematics & Reasoning × Software Engineering
gso,usaco,0.20324027932482094,0.20324027932482094,Software Engineering,Software Engineering,True,Software Engineering
ineqmath,spreadsheetbench,0.2020651165422621,0.2020651165422621,Mathematics & Reasoning,Professional Domains,False,Mathematics & Reasoning × Professional Domains
codepde,financeagent_terminal,0.20179963128445735,0.20179963128445735,Scientific Research,Professional Domains,False,Professional Domains × Scientific Research
algotune,labbench,-0.20161889196405164,0.20161889196405164,Software Engineering,Scientific Research,False,Scientific Research × Software Engineering
spreadsheetbench,usaco,0.20014722121978848,0.20014722121978848,Professional Domains,Software Engineering,False,Professional Domains × Software Engineering
codepde,usaco,0.19941889356289982,0.19941889356289982,Scientific Research,Software Engineering,False,Scientific Research × Software Engineering
reasoning-gym,research-code-bench,-0.1961660452244236,0.1961660452244236,Mathematics & Reasoning,Scientific Research,False,Mathematics & Reasoning × Scientific Research
codepde,research-code-bench,-0.1955302285914031,0.1955302285914031,Scientific Research,Scientific Research,True,Scientific Research
bixbench,ineqmath,0.19256936700524724,0.19256936700524724,Scientific Research,Mathematics & Reasoning,False,Mathematics & Reasoning × Scientific Research
codepde,dacode,0.19048968937351626,0.19048968937351626,Scientific Research,Data & Analytics,False,Data & Analytics × Scientific Research
gso,labbench,0.18998547849928912,0.18998547849928912,Software Engineering,Scientific Research,False,Scientific Research × Software Engineering
ineqmath,swesmith,0.18952822974949401,0.18952822974949401,Mathematics & Reasoning,Software Engineering,False,Mathematics & Reasoning × Software Engineering
medagentbench,research-code-bench,0.18879138187012195,0.18879138187012195,Professional Domains,Scientific Research,False,Professional Domains × Scientific Research
labbench,swebench-multilingual,0.18851272285200782,0.18851272285200782,Scientific Research,Software Engineering,False,Scientific Research × Software Engineering
mmau,simpleqa,0.1883738552656833,0.1883738552656833,Multimodal,Knowledge & Long Context,False,Knowledge & Long Context × Multimodal
cybergym,mmau,0.1843952304478353,0.1843952304478353,"Agents, Tools & Systems",Multimodal,False,"Agents, Tools & Systems × Multimodal"
codepde,featurebench-modal,0.18108287928299863,0.18108287928299863,Scientific Research,Software Engineering,False,Scientific Research × Software Engineering
ineqmath,qcircuitbench,0.1768611543823191,0.1768611543823191,Mathematics & Reasoning,Scientific Research,False,Mathematics & Reasoning × Scientific Research
codepde,terminal-bench,0.17263128099474911,0.17263128099474911,Scientific Research,"Agents, Tools & Systems",False,"Agents, Tools & Systems × Scientific Research"
dacode,ineqmath,0.17096578256957515,0.17096578256957515,Data & Analytics,Mathematics & Reasoning,False,Data & Analytics × Mathematics & Reasoning
ineqmath,skillsbench,0.16654425371001716,0.16654425371001716,Mathematics & Reasoning,"Agents, Tools & Systems",False,"Agents, Tools & Systems × Mathematics & Reasoning"
codepde,spreadsheetbench,0.16605652316027303,0.16605652316027303,Scientific Research,Professional Domains,False,Professional Domains × Scientific Research
lawbench,mmmlu,0.16224259379463607,0.16224259379463607,Professional Domains,Knowledge & Long Context,False,Knowledge & Long Context × Professional Domains
labbench,spider2,0.16176470588235295,0.16176470588235295,Scientific Research,Data & Analytics,False,Data & Analytics × Scientific Research
spider2,usaco,0.15588235294117647,0.15588235294117647,Data & Analytics,Software Engineering,False,Data & Analytics × Software Engineering
mmmlu,sldbench,0.1533929977694741,0.1533929977694741,Knowledge & Long Context,Scientific Research,False,Knowledge & Long Context × Scientific Research
bfcl,compilebench,0.14784954848300522,0.14784954848300522,"Agents, Tools & Systems",Software Engineering,False,"Agents, Tools & Systems × Software Engineering"
bixbench,codepde,-0.14714781064011032,0.14714781064011032,Scientific Research,Scientific Research,True,Scientific Research
ineqmath,lawbench,0.14591045236541328,0.14591045236541328,Mathematics & Reasoning,Professional Domains,False,Mathematics & Reasoning × Professional Domains
bfcl,ineqmath,0.145387493467549,0.145387493467549,"Agents, Tools & Systems",Mathematics & Reasoning,False,"Agents, Tools & Systems × Mathematics & Reasoning"
codepde,seal0,-0.1437170805826578,0.1437170805826578,Scientific Research,"Agents, Tools & Systems",False,"Agents, Tools & Systems × Scientific Research"
financeagent_terminal,labbench,0.1398087207049993,0.1398087207049993,Professional Domains,Scientific Research,False,Professional Domains × Scientific Research
algotune,mmmlu,0.13874572751271846,0.13874572751271846,Software Engineering,Knowledge & Long Context,False,Knowledge & Long Context × Software Engineering
dacode,mmmlu,0.13864367106087083,0.13864367106087083,Data & Analytics,Knowledge & Long Context,False,Data & Analytics × Knowledge & Long Context
ineqmath,research-code-bench,0.13821141986394658,0.13821141986394658,Mathematics & Reasoning,Scientific Research,False,Mathematics & Reasoning × Scientific Research
codepde,cybergym,-0.13458661833534336,0.13458661833534336,Scientific Research,"Agents, Tools & Systems",False,"Agents, Tools & Systems × Scientific Research"
dacode,labbench,0.12352941176470589,0.12352941176470589,Data & Analytics,Scientific Research,False,Data & Analytics × Scientific Research
codepde,sldbench,0.12203245725490885,0.12203245725490885,Scientific Research,Scientific Research,True,Scientific Research
compilebench,ineqmath,-0.12119230433148764,0.12119230433148764,Software Engineering,Mathematics & Reasoning,False,Mathematics & Reasoning × Software Engineering
ineqmath,strongreject,-0.1208551221612514,0.1208551221612514,Mathematics & Reasoning,Safety & Security,False,Mathematics & Reasoning × Safety & Security
mmmlu,swebench-verified,0.11834319526627218,0.11834319526627218,Knowledge & Long Context,Software Engineering,False,Knowledge & Long Context × Software Engineering
codepde,strongreject,0.11607965446198647,0.11607965446198647,Scientific Research,Safety & Security,False,Safety & Security × Scientific Research
codepde,quixbugs,0.11269108594390026,0.11269108594390026,Scientific Research,Software Engineering,False,Scientific Research × Software Engineering
codepde,swebench-verified,0.11194478736149033,0.11194478736149033,Scientific Research,Software Engineering,False,Scientific Research × Software Engineering
mmmlu,strongreject,-0.10619515230194361,0.10619515230194361,Knowledge & Long Context,Safety & Security,False,Knowledge & Long Context × Safety & Security
ineqmath,swe-lancer,0.10611669262939147,0.10611669262939147,Mathematics & Reasoning,Software Engineering,False,Mathematics & Reasoning × Software Engineering
labbench,swesmith,0.10596029358694685,0.10596029358694685,Scientific Research,Software Engineering,False,Scientific Research × Software Engineering
research-code-bench,sldbench,0.10472021963108327,0.10472021963108327,Scientific Research,Scientific Research,True,Scientific Research
mmmlu,reasoning-gym,-0.10324528696022295,0.10324528696022295,Knowledge & Long Context,Mathematics & Reasoning,False,Knowledge & Long Context × Mathematics & Reasoning
codepde,widesearch,0.09970944678144991,0.09970944678144991,Scientific Research,"Agents, Tools & Systems",False,"Agents, Tools & Systems × Scientific Research"
ineqmath,swebench-multilingual,-0.09963102344222902,0.09963102344222902,Mathematics & Reasoning,Software Engineering,False,Mathematics & Reasoning × Software Engineering
ineqmath,kumo,0.09955599322405867,0.09955599322405867,Mathematics & Reasoning,Mathematics & Reasoning,True,Mathematics & Reasoning
codepde,omnimath,-0.09673304538498873,0.09673304538498873,Scientific Research,Mathematics & Reasoning,False,Mathematics & Reasoning × Scientific Research
codepde,gaia2,0.09457030691190436,0.09457030691190436,Scientific Research,"Agents, Tools & Systems",False,"Agents, Tools & Systems × Scientific Research"
cybergym,ineqmath,0.09307832695453969,0.09307832695453969,"Agents, Tools & Systems",Mathematics & Reasoning,False,"Agents, Tools & Systems × Mathematics & Reasoning"
aime,codepde,0.08975521231755468,0.08975521231755468,Mathematics & Reasoning,Scientific Research,False,Mathematics & Reasoning × Scientific Research
swesmith,usaco,0.08830024465578903,0.08830024465578903,Software Engineering,Software Engineering,True,Software Engineering
codepde,kumo,-0.08702236762308814,0.08702236762308814,Scientific Research,Mathematics & Reasoning,False,Mathematics & Reasoning × Scientific Research
gaia2,usaco,0.08535690316726274,0.08535690316726274,"Agents, Tools & Systems",Software Engineering,False,"Agents, Tools & Systems × Software Engineering"
codepde,swebench-multilingual,0.08346206781767837,0.08346206781767837,Scientific Research,Software Engineering,False,Scientific Research × Software Engineering
research-code-bench,swebench-multilingual,0.08271796320766123,0.08271796320766123,Scientific Research,Software Engineering,False,Scientific Research × Software Engineering
ineqmath,livecodebench,0.0810613624252296,0.0810613624252296,Mathematics & Reasoning,Software Engineering,False,Mathematics & Reasoning × Software Engineering
bfcl,codepde,0.08048127968133272,0.08048127968133272,"Agents, Tools & Systems",Scientific Research,False,"Agents, Tools & Systems × Scientific Research"
labbench,spreadsheetbench,0.07947022019021013,0.07947022019021013,Scientific Research,Professional Domains,False,Professional Domains × Scientific Research
gaia2,labbench,0.07652687870168383,0.07652687870168383,"Agents, Tools & Systems",Scientific Research,False,"Agents, Tools & Systems × Scientific Research"
bigcodebench,mmmlu,0.07374663354301639,0.07374663354301639,Software Engineering,Knowledge & Long Context,False,Knowledge & Long Context × Software Engineering
codepde,spider2,0.07292183421329919,0.07292183421329919,Scientific Research,Data & Analytics,False,Data & Analytics × Scientific Research
mmmlu,swesmith,0.06642082700076948,0.06642082700076948,Knowledge & Long Context,Software Engineering,False,Knowledge & Long Context × Software Engineering
research-code-bench,scicode,0.06489703751785443,0.06489703751785443,Scientific Research,Scientific Research,True,Scientific Research
codepde,hle,-0.06399263002391561,0.06399263002391561,Scientific Research,Knowledge & Long Context,False,Knowledge & Long Context × Scientific Research
aider-polyglot,ineqmath,0.06337524698699769,0.06337524698699769,Software Engineering,Mathematics & Reasoning,False,Mathematics & Reasoning × Software Engineering
bfcl,usaco,0.06332849283309638,0.06332849283309638,"Agents, Tools & Systems",Software Engineering,False,"Agents, Tools & Systems × Software Engineering"
bfcl,sldbench,0.06332849283309638,0.06332849283309638,"Agents, Tools & Systems",Scientific Research,False,"Agents, Tools & Systems × Scientific Research"
labbench,reasoning-gym,0.061764705882352944,0.061764705882352944,Scientific Research,Mathematics & Reasoning,False,Mathematics & Reasoning × Scientific Research
mmmlu,qcircuitbench,0.058997306834413114,0.058997306834413114,Knowledge & Long Context,Scientific Research,False,Knowledge & Long Context × Scientific Research
codepde,swe-lancer,0.058039827230993234,0.058039827230993234,Scientific Research,Software Engineering,False,Scientific Research × Software Engineering
mmau,mmmlu,0.05756471673400022,0.05756471673400022,Multimodal,Knowledge & Long Context,False,Knowledge & Long Context × Multimodal
ineqmath,replicationbench,0.05756459132217676,0.05756459132217676,Mathematics & Reasoning,Scientific Research,False,Mathematics & Reasoning × Scientific Research
labbench,mmau,0.057395159026262875,0.057395159026262875,Scientific Research,Multimodal,False,Multimodal × Scientific Research
mmau,research-code-bench,0.05461267997841046,0.05461267997841046,Multimodal,Scientific Research,False,Multimodal × Scientific Research
lawbench,research-code-bench,0.05457250882183213,0.05457250882183213,Professional Domains,Scientific Research,False,Professional Domains × Scientific Research
codepde,swesmith,0.053614662186276495,0.053614662186276495,Scientific Research,Software Engineering,False,Scientific Research × Software Engineering
algotune,cybergym,0.053534099162274765,0.053534099162274765,Software Engineering,"Agents, Tools & Systems",False,"Agents, Tools & Systems × Software Engineering"
aider-polyglot,codepde,0.05208702443807085,0.05208702443807085,Software Engineering,Scientific Research,False,Scientific Research × Software Engineering
arc-agi-2,ineqmath,0.05166053067374837,0.05166053067374837,Mathematics & Reasoning,Mathematics & Reasoning,True,Mathematics & Reasoning
ineqmath,labbench,-0.05158450336150974,0.05158450336150974,Mathematics & Reasoning,Scientific Research,False,Mathematics & Reasoning × Scientific Research
research-code-bench,strongreject,0.05014771080925115,0.05014771080925115,Scientific Research,Safety & Security,False,Safety & Security × Scientific Research
ineqmath,pixiu,-0.05011066040832375,0.05011066040832375,Mathematics & Reasoning,Professional Domains,False,Mathematics & Reasoning × Professional Domains
bigcodebench,labbench,-0.05,0.05,Software Engineering,Scientific Research,False,Scientific Research × Software Engineering
aa-lcr,codepde,0.04914677367075345,0.04914677367075345,Software Engineering,Scientific Research,False,Scientific Research × Software Engineering
codepde,gpqa-diamond,0.04613422164514847,0.04613422164514847,Scientific Research,Knowledge & Long Context,False,Knowledge & Long Context × Scientific Research
codepde,skillsbench,0.04315782024868728,0.04315782024868728,Scientific Research,"Agents, Tools & Systems",False,"Agents, Tools & Systems × Scientific Research"
arc-agi-2,codepde,-0.04024063984066636,0.04024063984066636,Mathematics & Reasoning,Scientific Research,False,Mathematics & Reasoning × Scientific Research
mmmlu,swebench-multilingual,-0.03397344917457515,0.03397344917457515,Knowledge & Long Context,Software Engineering,False,Knowledge & Long Context × Software Engineering
codepde,compilebench,0.03378393611635186,0.03378393611635186,Scientific Research,Software Engineering,False,Scientific Research × Software Engineering
bfcl,labbench,0.032400624240188844,0.032400624240188844,"Agents, Tools & Systems",Scientific Research,False,"Agents, Tools & Systems × Scientific Research"
bfcl,research-code-bench,-0.02880357647409632,0.02880357647409632,"Agents, Tools & Systems",Scientific Research,False,"Agents, Tools & Systems × Scientific Research"
bfcl,mmmlu,0.025110810259468586,0.025110810259468586,"Agents, Tools & Systems",Knowledge & Long Context,False,"Agents, Tools & Systems × Knowledge & Long Context"
research-code-bench,usaco,-0.023598922733765244,0.023598922733765244,Scientific Research,Software Engineering,False,Scientific Research × Software Engineering
algotune,usaco,-0.02354673190821041,0.02354673190821041,Software Engineering,Software Engineering,True,Software Engineering
codepde,gaia,-0.020105498319853685,0.020105498319853685,Scientific Research,"Agents, Tools & Systems",False,"Agents, Tools & Systems × Scientific Research"
labbench,strongreject,-0.01764705882352941,0.01764705882352941,Scientific Research,Safety & Security,False,Safety & Security × Scientific Research
codepde,deepsynth,0.014882006982305959,0.014882006982305959,Scientific Research,"Agents, Tools & Systems",False,"Agents, Tools & Systems × Scientific Research"
codepde,gso,-0.013413546613555453,0.013413546613555453,Scientific Research,Software Engineering,False,Scientific Research × Software Engineering
codepde,replicationbench,-0.01266834957946904,0.01266834957946904,Scientific Research,Scientific Research,True,Scientific Research
ineqmath,swebench-verified,0.011825576031139814,0.011825576031139814,Mathematics & Reasoning,Software Engineering,False,Mathematics & Reasoning × Software Engineering
qcircuitbench,research-code-bench,-0.008849596025161967,0.008849596025161967,Scientific Research,Scientific Research,True,Scientific Research
codepde,livecodebench,-0.005952802792922383,0.005952802792922383,Scientific Research,Software Engineering,False,Scientific Research × Software Engineering
codepde,pixiu,0.0,0.0,Scientific Research,Professional Domains,False,Professional Domains × Scientific Research
